customer_id,recency,frequency,monetary,future_monetary,consumption_class,r_score,f_score,m_score,category_name,festival,is_festival,device_type,payment_method,marketing_channel,user_type,price,avg_rating,colour,price_norm,is_anomaly,segment_kmeans,segment_kmeans_label,pca_1,pca_2,tsne_1,tsne_2,segment_dbscan,segment_gmm,segment_gmm_label,is_churn,predicted_class,high_spend_prob
6217,105,3,299.92,0.0,Medium,2,4,3,Accessories,Regular Day,0,0,0,2,1,5147.333333333333,4.024183006535948,Black,1.0,Normal,1,Sleepers (Low),0.019480142057294376,-0.2542414831307527,10.98413,-24.070166,1,0,Regulars (Mid),1,High,0.35649037
6238,102,1,0.0,0.0,Medium,2,1,2,Other,Regular Day,0,1,0,2,0,2927.2715744223538,4.09560875958515,Blue,0.5686967182532743,Normal,0,Regulars (Mid),-1.0711143302058337,-0.3042836505360084,-79.99676,-25.728767,2,2,Sleepers (Low),1,High,0.42889982
6240,40,3,6439.0,0.0,Medium,4,4,5,Apparel,Regular Day,1,1,4,2,1,3049.684478890475,4.109617146010633,Black,0.5924785284724404,Normal,2,Stars (VIP),2.33750026627623,2.1547370605551843,37.744072,17.336245,1,1,Stars (VIP),0,High,0.42863148
6242,60,3,0.0,0.0,Medium,3,4,2,Accessories,Regular Day,0,1,4,3,0,5147.333333333333,4.024183006535948,Black,1.0,Normal,1,Sleepers (Low),0.2882607713911862,-0.7703886714570314,6.915621,-56.070133,1,2,Sleepers (Low),0,High,0.3884045
6259,92,1,0.0,0.0,Medium,3,1,2,Watches,Regular Day,0,1,3,0,1,898.4134078947368,3.9463815789473684,N/A,0.17453958189899044,Normal,0,Regulars (Mid),-0.9918156177789653,-0.38699336870282597,-78.03395,-39.058643,2,2,Sleepers (Low),1,High,0.38631213
6266,11,2,2065.59,0.0,Medium,5,3,5,Apparel,Regular Day,0,1,1,3,0,3049.684478890475,4.109617146010633,Black,0.5924785284724404,Normal,1,Sleepers (Low),0.770170086356335,-0.12487707304023173,2.382202,6.1997533,0,1,Stars (VIP),0,High,0.40836132
6271,120,1,0.0,0.0,Medium,2,1,2,Apparel,Regular Day,0,1,1,5,1,3049.684478890475,4.109617146010633,Black,0.5924785284724404,Normal,0,Regulars (Mid),-1.2138520125741963,-0.15540615783573689,-68.850945,-7.371372,2,2,Sleepers (Low),1,High,0.3994458
6272,5,1,0.0,0.0,Medium,5,1,2,Home,Big Billion Days / Great Indian Sale,1,2,1,0,1,997.9569482375358,3.943474118767863,N/A,0.19387843833134358,Normal,1,Sleepers (Low),-0.3019168196652121,-1.1065679167541385,-20.350409,-91.134415,2,2,Sleepers (Low),0,High,0.4592975
6274,88,3,444.39,0.0,Medium,3,4,4,Accessories,Holi,1,0,0,0,0,5147.333333333333,4.024183006535948,Black,1.0,Normal,1,Sleepers (Low),0.19670774816005113,-0.3255063266621255,24.831348,-26.037834,1,0,Regulars (Mid),0,High,0.36219984
6280,67,3,0.0,0.0,Medium,3,4,2,Apparel,Regular Day,0,1,0,1,0,3049.684478890475,4.109617146010633,Black,0.5924785284724404,Normal,1,Sleepers (Low),0.23275167269237848,-0.7124918687402592,8.415414,-49.173462,1,2,Sleepers (Low),0,High,0.45132816
6287,63,2,0.0,0.0,Medium,3,3,2,Apparel,Regular Day,0,0,4,1,0,3049.684478890475,4.109617146010633,Black,0.5924785284724404,Normal,1,Sleepers (Low),-0.2486890970389609,-0.6862136536967914,-14.308286,-24.260084,0,2,Sleepers (Low),0,High,0.528134
6300,39,3,0.0,0.0,Medium,4,4,2,Accessories,Raksha Bandhan,1,1,1,1,1,5147.333333333333,4.024183006535948,Black,1.0,Normal,1,Sleepers (Low),0.45478806748760947,-0.9440790796073482,28.1511,-65.55183,1,2,Sleepers (Low),0,High,0.39497498
6302,175,1,451.17,0.0,Medium,1,1,4,Beauty,Eid-ul-Fitr,1,0,1,4,1,275.2450842696629,3.963171036204744,N/A,0.05347333588971563,Normal,0,Regulars (Mid),-1.5175207916556217,0.5160466419190941,-59.72982,12.322664,2,0,Regulars (Mid),1,High,0.5362465
6308,58,2,0.0,0.0,Medium,3,3,2,Accessories,Regular Day,0,1,0,1,0,5147.333333333333,4.024183006535948,Black,1.0,Normal,1,Sleepers (Low),-0.2090397408255268,-0.7275685127802002,-7.7949605,-23.436058,0,2,Sleepers (Low),0,High,0.41920775
6327,0,5,880.27,0.0,Medium,5,5,4,Accessories,Regular Day,1,0,2,2,1,5147.333333333333,4.024183006535948,Black,1.0,Normal,1,Sleepers (Low),2.0488415620325213,-0.9628654861592699,57.327103,55.91881,4,1,Stars (VIP),0,High,0.4850085
6333,24,3,0.0,0.0,Medium,5,4,2,Accessories,Regular Day,0,0,0,0,1,5147.333333333333,4.024183006535948,Black,1.0,Normal,1,Sleepers (Low),0.5737361361279117,-1.0681436568575744,49.341984,-60.982555,1,2,Sleepers (Low),0,High,0.41371518
6335,13,1,0.0,0.0,Medium,5,1,2,Accessories,Regular Day,0,2,5,0,0,5147.333333333333,4.024183006535948,Black,1.0,Normal,1,Sleepers (Low),-0.36535578960670656,-1.0404001422206846,-28.379948,-82.16091,2,2,Sleepers (Low),0,High,0.6313861
6340,74,2,715.67,0.0,Medium,3,3,4,Apparel,Regular Day,0,1,0,3,0,3049.684478890475,4.109617146010633,Black,0.5924785284724404,Normal,1,Sleepers (Low),-0.1257801111698755,-0.25173079557692396,-13.906417,16.796085,0,0,Regulars (Mid),0,High,0.5457592
6351,174,1,0.0,0.0,Medium,1,1,2,Beauty,Eid-ul-Fitr,1,1,0,2,1,275.2450842696629,3.963171036204744,N/A,0.05347333588971563,Normal,0,Regulars (Mid),-1.6420650596792845,0.2912263202650777,-84.45977,28.301607,2,2,Sleepers (Low),1,High,0.5362465
6362,183,1,0.0,0.0,Medium,1,1,2,Footwear,Regular Day,0,1,4,4,1,1238.5830831016374,3.9357429718875503,N/A,0.2406261656071048,Normal,0,Regulars (Mid),-1.7134339008634658,0.36566506661521353,-77.19788,21.14639,2,2,Sleepers (Low),1,High,0.3955252
6365,218,1,1575.87,0.0,Medium,1,1,4,Footwear,Regular Day,0,1,2,0,1,1238.5830831016374,3.9357429718875503,N/A,0.2406261656071048,Normal,0,Regulars (Mid),-1.5282668428898487,1.4115238921949091,-48.766068,14.277573,2,0,Regulars (Mid),1,High,0.5136457
6374,70,2,0.0,0.0,Medium,3,3,2,Electronics,Regular Day,0,0,2,2,0,1131.5823393316196,3.927056555269923,N/A,0.2198385583470314,Normal,1,Sleepers (Low),-0.30419819573776863,-0.6283168509800192,-23.434721,-28.875845,0,2,Sleepers (Low),0,High,0.492553
6387,20,4,0.0,0.0,Medium,5,5,2,Accessories,Regular Day,0,1,2,1,0,5147.333333333333,4.024183006535948,Black,1.0,Normal,1,Sleepers (Low),1.1186158758007456,-1.1605896464344962,84.28273,-18.09834,3,2,Sleepers (Low),0,High,0.36115986
6396,33,3,0.0,0.0,Medium,4,4,2,Footwear,Regular Day,0,1,3,1,1,1238.5830831016374,3.9357429718875503,N/A,0.2406261656071048,Normal,1,Sleepers (Low),0.5023672949437304,-0.9937049105074387,36.638645,-64.712006,1,2,Sleepers (Low),0,High,0.39876425
6399,71,3,1764.48,0.0,Medium,3,4,4,Apparel,Regular Day,0,1,5,1,1,3049.684478890475,4.109617146010633,Black,0.5924785284724404,Normal,1,Sleepers (Low),0.7191250778798609,0.1674945093857452,35.365704,-16.375778,1,1,Stars (VIP),0,High,0.4020651
6410,37,1,0.0,0.0,Medium,4,1,2,Apparel,Raksha Bandhan,1,0,3,5,0,3049.684478890475,4.109617146010633,Black,0.5924785284724404,Normal,1,Sleepers (Low),-0.5556726994311904,-0.8418968186203224,-46.598907,-62.800987,2,2,Sleepers (Low),0,High,0.47964653
6422,76,4,0.0,0.0,Medium,3,5,2,Apparel,Regular Day,0,0,1,2,0,3049.684478890475,4.109617146010633,Black,0.5924785284724404,Normal,1,Sleepers (Low),0.6745430862102838,-0.697415224700318,92.48874,8.390086,3,2,Sleepers (Low),0,High,0.48959202
6433,102,1,3494.94,0.0,Medium,2,1,5,Other,Regular Day,0,1,0,2,1,2927.2715744223538,4.09560875958515,Blue,0.5686967182532743,Normal,2,Stars (VIP),-0.0449176232272319,1.373192654893196,-45.63362,1.3139162,2,1,Stars (VIP),1,High,0.42889982
6435,34,2,1911.84,0.0,Medium,4,3,5,Accessories,Regular Day,0,0,0,1,1,5147.333333333333,4.024183006535948,Black,1.0,Normal,1,Sleepers (Low),0.5426384262079419,-0.008440546638314892,-1.7669054,8.55535,0,1,Stars (VIP),0,High,0.4353704
6444,27,2,0.0,0.0,Medium,4,3,2,Footwear,Regular Day,0,0,1,2,0,1238.5830831016374,3.9357429718875503,N/A,0.2406261656071048,Normal,1,Sleepers (Low),0.03678626769776459,-0.9839686390973346,-12.255453,-69.94389,0,2,Sleepers (Low),0,High,0.4151917
6447,18,1,0.0,0.0,Medium,5,1,2,Footwear,Regular Day,0,1,4,2,1,1238.5830831016374,3.9357429718875503,N/A,0.2406261656071048,Normal,1,Sleepers (Low),-0.4050051458201407,-0.9990452831372756,-31.812292,-78.18643,2,2,Sleepers (Low),0,High,0.60350806
6453,151,2,0.0,0.0,Medium,2,3,2,Apparel,Regular Day,0,1,1,4,1,3049.684478890475,4.109617146010633,Black,0.5924785284724404,Normal,0,Regulars (Mid),-0.946517766395401,0.041631866171202785,-12.884535,69.124405,0,2,Sleepers (Low),1,High,0.5054835
6455,58,3,0.0,0.0,Medium,3,4,2,Electronics,Regular Day,0,0,0,1,0,1131.5823393316196,3.927056555269923,N/A,0.2198385583470314,Normal,1,Sleepers (Low),0.3041205138765599,-0.7869306150903949,7.8986487,-58.440598,1,2,Sleepers (Low),0,High,0.44012532
6462,188,2,0.0,0.0,Medium,1,3,2,Apparel,Holi,1,1,2,2,0,3049.684478890475,4.109617146010633,Black,0.5924785284724404,Normal,0,Regulars (Mid),-1.2399230023748133,0.3476578233884276,5.315563,72.6416,0,2,Sleepers (Low),1,High,0.6159274
6463,22,3,840.36,0.0,Medium,5,4,4,Accessories,Regular Day,0,1,2,4,1,5147.333333333333,4.024183006535948,Black,1.0,Normal,1,Sleepers (Low),0.8363453692129917,-0.6813356179360197,44.71042,-33.311005,1,0,Regulars (Mid),0,High,0.41609648
6469,186,1,1258.17,0.0,Medium,1,1,4,Footwear,Holi,1,1,5,2,1,1238.5830831016374,3.9357429718875503,N/A,0.2406261656071048,Normal,0,Regulars (Mid),-1.3677951665170909,0.9943654202478491,-54.387825,10.850375,2,0,Regulars (Mid),1,High,0.47553447
6476,54,4,4322.37,0.0,Medium,4,5,5,Apparel,Regular Day,0,1,0,3,1,3049.684478890475,4.109617146010633,Black,0.5924785284724404,Normal,2,Stars (VIP),2.118149898562784,1.1952436343920176,55.402214,21.395622,3,1,Stars (VIP),0,High,0.4216658
6485,23,4,1408.96,0.0,Medium,5,5,4,Accessories,Regular Day,0,2,5,3,0,5147.333333333333,4.024183006535948,Black,1.0,Normal,1,Sleepers (Low),1.508530105991199,-0.4595141870502111,68.580475,2.495073,3,1,Stars (VIP),0,High,0.4048294
6486,104,1,0.0,0.0,Medium,2,1,2,Other,Regular Day,0,0,4,0,0,2927.2715744223538,4.09560875958515,Blue,0.5686967182532743,Normal,0,Regulars (Mid),-1.0869740726912072,-0.2877417069026449,-78.448616,-23.772482,2,2,Sleepers (Low),1,High,0.40280336
6487,52,2,0.0,0.0,Medium,4,3,2,Apparel,Independence Day Sale,1,0,1,1,0,3049.684478890475,4.109617146010633,Black,0.5924785284724404,Normal,1,Sleepers (Low),-0.16146051336940587,-0.7771943436802907,-4.7492685,-31.3398,0,2,Sleepers (Low),0,High,0.39420873
6502,61,2,0.0,0.0,Medium,3,3,2,Accessories,Regular Day,0,1,1,2,0,5147.333333333333,4.024183006535948,Black,1.0,Normal,1,Sleepers (Low),-0.23282935455358722,-0.7027555973301549,-11.40037,-22.625423,0,2,Sleepers (Low),0,High,0.41867453
6518,43,3,0.0,0.0,Medium,4,4,2,Apparel,Holi,1,0,0,4,1,3049.684478890475,4.109617146010633,Black,0.5924785284724404,Normal,1,Sleepers (Low),0.4230685825168623,-0.9109951923406212,23.22466,-65.733536,1,2,Sleepers (Low),0,High,0.4101542
6523,3,3,0.0,0.0,Medium,5,4,2,Apparel,Regular Day,1,1,0,0,1,3049.684478890475,4.109617146010633,Black,0.5924785284724404,Normal,1,Sleepers (Low),0.7402634322243349,-1.2418340650078914,69.035255,-37.710228,1,2,Sleepers (Low),0,High,0.41297463
6526,69,2,4015.68,0.0,Medium,3,3,5,Other,Regular Day,0,1,1,3,0,2927.2715744223538,4.09560875958515,Blue,0.5686967182532743,Normal,2,Stars (VIP),0.8828299124645889,1.290829543505996,11.473999,19.878616,0,1,Stars (VIP),0,High,0.41794828
6550,105,1,0.0,0.0,Medium,2,1,2,Footwear,Regular Day,0,0,1,5,0,1238.5830831016374,3.9357429718875503,N/A,0.2406261656071048,Normal,0,Regulars (Mid),-1.0949039439338941,-0.27947073508596315,-77.5437,-22.758003,2,2,Sleepers (Low),1,High,0.49271974
6555,188,1,564.98,0.0,Medium,1,1,4,Other,Holi,1,1,3,5,0,2927.2715744223538,4.09560875958515,Blue,0.5686967182532743,Normal,0,Regulars (Mid),-1.5871918210268474,0.6781949853681423,-58.698864,13.820065,2,0,Regulars (Mid),1,High,0.4544409
6556,29,5,2284.62,0.0,Medium,4,5,5,Accessories,Regular Day,1,0,1,1,0,5147.333333333333,4.024183006535948,Black,1.0,Normal,2,Stars (VIP),2.231225535325007,-0.048957434370592176,52.666172,48.467167,4,1,Stars (VIP),0,High,0.3622631
6568,60,2,1806.24,0.0,Medium,3,3,4,Accessories,Regular Day,0,1,2,4,0,5147.333333333333,4.024183006535948,Black,1.0,Normal,1,Sleepers (Low),0.30545512650014917,0.15591958784539955,-4.2633896,11.75947,0,1,Stars (VIP),0,High,0.4291053
6575,240,1,0.0,0.0,Medium,1,1,2,Footwear,Regular Day,0,1,0,5,1,1238.5830831016374,3.9357429718875503,N/A,0.2406261656071048,Normal,0,Regulars (Mid),-2.1654365616966147,0.8371104601660736,-45.411434,78.532326,2,2,Sleepers (Low),1,High,0.47583947
6582,134,3,2692.74,0.0,Medium,2,4,5,Home,Regular Day,0,0,2,0,1,997.9569482375358,3.943474118767863,N/A,0.19387843833134358,Normal,2,Stars (VIP),0.49210219066641997,1.1341053297318222,29.632666,-7.991921,1,1,Stars (VIP),1,High,0.38220647
6591,196,2,0.0,0.0,Medium,1,3,2,Accessories,Regular Day,0,0,1,2,0,5147.333333333333,4.024183006535948,Black,1.0,Normal,0,Regulars (Mid),-1.303361972316308,0.4138255979218817,5.6534815,67.768845,0,2,Sleepers (Low),1,High,0.41038606
6609,90,1,0.0,0.0,Medium,3,1,2,Watches,Regular Day,0,1,4,3,0,898.4134078947368,3.9463815789473684,N/A,0.17453958189899044,Normal,0,Regulars (Mid),-0.9759558752935917,-0.40353531233618944,-75.14822,-41.341423,2,2,Sleepers (Low),0,High,0.4038588
6616,44,1,0.0,0.0,Medium,4,1,2,Home,Raksha Bandhan,1,0,2,0,1,997.9569482375358,3.943474118767863,N/A,0.19387843833134358,Normal,1,Sleepers (Low),-0.6111817981299981,-0.7840000159035501,-42.81637,-54.16409,2,2,Sleepers (Low),0,High,0.43072012
6620,113,1,0.0,0.0,Medium,2,1,2,Home,Regular Day,0,0,1,1,0,997.9569482375358,3.943474118767863,N/A,0.19387843833134358,Normal,0,Regulars (Mid),-1.1583429138753887,-0.21330296055250916,-70.096245,-15.232388,2,2,Sleepers (Low),1,High,0.45846903
6627,135,3,2739.16,0.0,Medium,2,4,5,Home,Regular Day,0,1,1,0,0,997.9569482375358,3.943474118767863,N/A,0.19387843833134358,Normal,2,Stars (VIP),0.49780232484240894,1.1646566411531962,29.724245,-7.768771,1,1,Stars (VIP),1,High,0.368541
6641,57,3,0.0,0.0,Medium,3,4,2,Apparel,Regular Day,0,0,0,1,0,3049.684478890475,4.109617146010633,Black,0.5924785284724404,Normal,1,Sleepers (Low),0.31205038511924676,-0.7952015869070767,8.419059,-59.608517,1,2,Sleepers (Low),0,High,0.45017496
6642,30,2,3539.98,0.0,Medium,4,3,5,Apparel,Raksha Bandhan,1,0,2,1,1,3049.684478890475,4.109617146010633,Black,0.5924785284724404,Normal,2,Stars (VIP),1.052418165861213,0.7399385588563516,10.294629,14.2648735,0,1,Stars (VIP),0,High,0.3594416
6644,154,2,1997.2199999999998,0.0,Medium,2,3,5,Apparel,Regular Day,0,0,2,3,0,3049.684478890475,4.109617146010633,Black,0.5924785284724404,Normal,0,Regulars (Mid),-0.38387654379671393,1.0250561531267148,0.13598071,33.442028,0,0,Regulars (Mid),1,High,0.5296064
6668,172,1,1291.31,0.0,Medium,1,1,4,Watches,Eid-ul-Fitr,1,0,3,1,1,898.4134078947368,3.9463815789473684,N/A,0.17453958189899044,Normal,0,Regulars (Mid),-1.247046284509934,0.8944781149974047,-55.713493,8.925067,2,0,Regulars (Mid),1,High,0.43210745
6672,74,3,3784.0,0.0,Medium,3,4,5,Apparel,Regular Day,0,1,2,3,1,3049.684478890475,4.109617146010633,Black,0.5924785284724404,Normal,2,Stars (VIP),1.2883141057529226,1.161622190851913,36.349213,-1.255122,1,1,Stars (VIP),0,High,0.5190734
6709,23,2,860.56,0.0,Medium,5,3,4,Apparel,Regular Day,0,0,0,0,0,3049.684478890475,4.109617146010633,Black,0.5924785284724404,Normal,1,Sleepers (Low),0.321186439077293,-0.6040070922793116,-6.950594,-2.5435603,0,0,Regulars (Mid),0,High,0.5007122
6710,3,3,0.0,0.0,Medium,5,4,2,Apparel,Regular Day,1,0,1,0,1,3049.684478890475,4.109617146010633,Black,0.5924785284724404,Normal,1,Sleepers (Low),0.7402634322243349,-1.2418340650078914,68.65777,-37.423656,1,2,Sleepers (Low),0,High,0.41297463
6714,86,2,1267.4499999999998,0.0,Medium,3,3,4,Apparel,Regular Day,0,0,0,2,0,3049.684478890475,4.109617146010633,Black,0.5924785284724404,Normal,1,Sleepers (Low),-0.058922960956806804,0.11236028429902552,-9.157412,21.329418,0,0,Regulars (Mid),0,High,0.4390931
6722,199,2,203.16,0.0,Medium,1,3,3,Beauty,Regular Day,0,1,4,0,1,275.2450842696629,3.963171036204744,N/A,0.05347333588971563,Normal,0,Regulars (Mid),-1.2674990246299311,0.536149797173937,4.3171725,65.25948,0,0,Regulars (Mid),1,High,0.45849153
6728,149,2,0.0,0.0,Medium,2,3,2,Apparel,Regular Day,0,0,0,1,0,3049.684478890475,4.109617146010633,Black,0.5924785284724404,Normal,0,Regulars (Mid),-0.9306580239100274,0.02508992253783931,-13.475763,67.63396,0,2,Sleepers (Low),1,High,0.50843954
6729,119,1,0.0,0.0,Medium,2,1,2,Home,Regular Day,0,1,2,0,0,997.9569482375358,3.943474118767863,N/A,0.19387843833134358,Normal,0,Regulars (Mid),-1.2059221413315095,-0.16367712965241868,-68.66524,-8.585129,2,2,Sleepers (Low),1,High,0.52508765
6730,29,3,0.0,0.0,Medium,4,4,2,Home,Regular Day,0,1,0,0,0,997.9569482375358,3.943474118767863,N/A,0.19387843833134358,Normal,1,Sleepers (Low),0.5340867799144777,-1.0267887977741657,41.97105,-63.80574,1,2,Sleepers (Low),0,High,0.45109105
6731,84,3,3974.24,0.0,Medium,3,4,5,Home,Regular Day,0,1,2,2,0,997.9569482375358,3.943474118767863,N/A,0.19387843833134358,Normal,2,Stars (VIP),1.264874338411123,1.3356419436244324,35.052547,-1.403025,1,1,Stars (VIP),0,High,0.47051913
6735,83,3,0.0,0.0,Medium,3,4,2,Accessories,Regular Day,0,1,0,3,0,5147.333333333333,4.024183006535948,Black,1.0,Normal,1,Sleepers (Low),0.10587373280938941,-0.5801563196733511,15.918919,-36.431614,1,2,Sleepers (Low),0,High,0.3663229
6758,24,2,0.0,0.0,Medium,5,3,2,Apparel,Regular Day,0,1,3,0,0,3049.684478890475,4.109617146010633,Black,0.5924785284724404,Normal,1,Sleepers (Low),0.06057588142582502,-1.0087815545473797,-7.483359,-74.41283,0,2,Sleepers (Low),0,High,0.4405293
6759,38,3,0.0,0.0,Medium,4,4,2,Accessories,Regular Day,1,1,1,0,0,5147.333333333333,4.024183006535948,Black,1.0,Normal,1,Sleepers (Low),0.4627179387302963,-0.95235005142403,29.428669,-65.58684,1,2,Sleepers (Low),0,High,0.39139917
6763,4,2,0.0,0.0,Medium,5,3,2,Other,Big Billion Days / Great Indian Sale,1,1,1,1,1,2927.2715744223538,4.09560875958515,Blue,0.5686967182532743,Normal,1,Sleepers (Low),0.21917330627956141,-1.174200990881015,29.527538,-92.68731,0,2,Sleepers (Low),0,High,0.36004847
6769,244,1,0.0,0.0,Medium,1,1,2,Electronics,Regular Day,0,0,5,3,0,1131.5823393316196,3.927056555269923,N/A,0.2198385583470314,Normal,0,Regulars (Mid),-2.197156046667362,0.8701943474328006,-38.897846,78.08927,2,2,Sleepers (Low),1,High,0.4655511
6770,5,3,0.0,0.0,Medium,5,4,2,Footwear,Regular Day,1,0,2,2,0,1238.5830831016374,3.9357429718875503,N/A,0.2406261656071048,Normal,1,Sleepers (Low),0.7244036897389614,-1.2252921213745278,67.71728,-39.211327,1,2,Sleepers (Low),0,High,0.36085245
6779,28,2,0.0,0.0,Medium,4,3,2,Apparel,Regular Day,0,1,1,1,0,3049.684478890475,4.109617146010633,Black,0.5924785284724404,Normal,1,Sleepers (Low),0.028856396455077735,-0.9756976672806528,-14.096826,-67.94773,0,2,Sleepers (Low),0,High,0.511731
6780,81,3,608.31,0.0,Medium,3,4,4,Beauty,Regular Day,0,1,1,3,1,275.2450842696629,3.963171036204744,N/A,0.05347333588971563,Normal,1,Sleepers (Low),0.3003476199788358,-0.30472598013285773,26.396198,-26.43567,1,0,Regulars (Mid),0,High,0.36831155
6782,144,3,4833.27,0.0,Medium,2,4,5,Apparel,Regular Day,0,1,0,5,1,3049.684478890475,4.109617146010633,Black,0.5924785284724404,Normal,2,Stars (VIP),1.041313506219691,2.2442113282526304,30.856056,16.965425,1,1,Stars (VIP),1,High,0.43985784
6801,40,1,575.16,0.0,Medium,4,1,4,Apparel,Raksha Bandhan,1,1,4,0,1,3049.684478890475,4.109617146010633,Black,0.5924785284724404,Normal,1,Sleepers (Low),-0.4105817893202685,-0.5410227199080004,-47.668385,-16.807035,2,0,Regulars (Mid),0,High,0.5681696
6802,34,5,0.0,0.0,Medium,4,5,2,Accessories,Regular Day,1,0,0,2,0,5147.333333333333,4.024183006535948,Black,1.0,Normal,1,Sleepers (Low),1.520757933105217,-1.1041581433111465,67.56239,57.97757,4,2,Sleepers (Low),0,High,0.3566395
6815,1,1,1823.12,0.0,Medium,5,1,4,Watches,Big Billion Days / Great Indian Sale,1,0,0,5,1,898.4134078947368,3.9463815789473684,N/A,0.17453958189899044,Normal,1,Sleepers (Low),0.26511364072337584,-0.26460370535419564,-43.729065,-9.764516,2,1,Stars (VIP),0,High,0.6363526
6819,73,3,6840.87,0.0,Medium,3,4,5,Electronics,Regular Day,0,1,1,3,1,1131.5823393316196,3.927056555269923,N/A,0.2198385583470314,Normal,2,Stars (VIP),2.193813013277113,2.6205658189360514,36.271854,18.177805,1,1,Stars (VIP),0,High,0.5352296
6821,161,1,0.0,0.0,Medium,1,1,2,Home,Regular Day,0,1,5,0,1,997.9569482375358,3.943474118767863,N/A,0.19387843833134358,Normal,0,Regulars (Mid),-1.538976733524356,0.18370368664821493,-99.09319,23.1779,2,2,Sleepers (Low),1,High,0.39906332
6830,84,2,1842.3,0.0,Medium,3,3,4,Apparel,Regular Day,0,0,1,0,0,3049.684478890475,4.109617146010633,Black,0.5924785284724404,Normal,1,Sleepers (Low),0.12572628206552866,0.37173073234505527,-3.7044444,22.270996,0,1,Stars (VIP),0,High,0.43834993
6870,91,1,0.0,0.0,Medium,3,1,2,Home,Regular Day,0,0,2,5,1,997.9569482375358,3.943474118767863,N/A,0.19387843833134358,Normal,0,Regulars (Mid),-0.9838857465362785,-0.3952643405195077,-76.64493,-39.976814,2,2,Sleepers (Low),1,High,0.58807534
6875,50,2,768.18,0.0,Medium,4,3,4,Apparel,Independence Day Sale,1,0,3,0,1,3049.684478890475,4.109617146010633,Black,0.5924785284724404,Normal,1,Sleepers (Low),0.07995497152265352,-0.42503074492820375,-13.495132,-3.909499,0,0,Regulars (Mid),0,High,0.40761676
6876,42,1,0.0,0.0,Medium,4,1,2,Apparel,Raksha Bandhan,1,0,0,4,0,3049.684478890475,4.109617146010633,Black,0.5924785284724404,Normal,1,Sleepers (Low),-0.5953220556446244,-0.8005419595369136,-44.878487,-56.786743,2,2,Sleepers (Low),0,High,0.5757356
6879,198,1,0.0,0.0,Medium,1,1,2,Other,Regular Day,0,0,0,1,1,2927.2715744223538,4.09560875958515,Blue,0.5686967182532743,Normal,0,Regulars (Mid),-1.8323819695037682,0.48972964386543977,-60.44646,28.941204,2,2,Sleepers (Low),1,High,0.40006942
6900,39,2,0.0,0.0,Medium,4,3,2,Accessories,Raksha Bandhan,1,1,1,0,0,5147.333333333333,4.024183006535948,Black,1.0,Normal,1,Sleepers (Low),-0.05837218721447723,-0.8847169772971535,-12.850536,-49.690243,0,2,Sleepers (Low),0,High,0.41260034
6901,64,2,0.0,0.0,Medium,3,3,2,Apparel,Regular Day,0,1,0,1,0,3049.684478890475,4.109617146010633,Black,0.5924785284724404,Normal,1,Sleepers (Low),-0.25661896828164765,-0.6779426818801098,-15.703219,-25.205078,0,2,Sleepers (Low),0,High,0.5265588
6905,55,2,0.0,0.0,Medium,3,3,2,Apparel,Regular Day,0,0,1,0,1,3049.684478890475,4.109617146010633,Black,0.5924785284724404,Normal,1,Sleepers (Low),-0.1852501270974663,-0.7523814282302455,-5.6526895,-26.829062,0,2,Sleepers (Low),0,High,0.5750404
6911,241,1,0.0,0.0,Medium,1,1,2,Footwear,Regular Day,0,0,2,5,1,1238.5830831016374,3.9357429718875503,N/A,0.2406261656071048,Normal,0,Regulars (Mid),-2.1733664329393014,0.8453814319827552,-44.12744,78.616806,2,2,Sleepers (Low),1,High,0.46250665
6916,44,2,0.0,0.0,Medium,4,3,2,Apparel,Raksha Bandhan,1,0,0,0,0,3049.684478890475,4.109617146010633,Black,0.5924785284724404,Normal,1,Sleepers (Low),-0.0980215434279113,-0.8433621182137447,-7.5598245,-43.77607,0,2,Sleepers (Low),0,High,0.48755637
6921,163,3,2092.75,0.0,Medium,1,4,5,Accessories,Regular Day,0,0,0,3,1,5147.333333333333,4.024183006535948,Black,1.0,Normal,0,Regulars (Mid),0.08596472792123651,1.0859846033371916,25.837452,-8.059508,1,1,Stars (VIP),1,High,0.37401757
6933,20,4,0.0,0.0,Medium,5,5,2,Apparel,Regular Day,0,1,4,0,1,3049.684478890475,4.109617146010633,Black,0.5924785284724404,Normal,1,Sleepers (Low),1.1186158758007456,-1.1605896464344962,84.28273,-18.09834,3,2,Sleepers (Low),0,High,0.45813957
6936,54,4,0.0,0.0,Medium,4,5,2,Accessories,Regular Day,0,0,0,0,0,5147.333333333333,4.024183006535948,Black,1.0,Normal,1,Sleepers (Low),0.8490002535493939,-0.8793766046673166,94.90617,0.101515554,3,2,Sleepers (Low),0,High,0.3496594
6949,49,2,0.0,0.0,Medium,4,3,2,Apparel,Independence Day Sale,1,1,2,1,0,3049.684478890475,4.109617146010633,Black,0.5924785284724404,Normal,1,Sleepers (Low),-0.13767089964134538,-0.802007259130336,-4.582038,-36.58433,0,2,Sleepers (Low),0,High,0.40761676
6958,122,3,0.0,0.0,Medium,2,4,2,Footwear,Regular Day,0,1,1,0,1,1238.5830831016374,3.9357429718875503,N/A,0.2406261656071048,Normal,1,Sleepers (Low),-0.20339124565539654,-0.25758841882276273,6.153595,-15.495656,1,2,Sleepers (Low),1,High,0.35128242
6962,103,1,0.0,0.0,Medium,2,1,2,Footwear,Regular Day,0,0,4,1,1,1238.5830831016374,3.9357429718875503,N/A,0.2406261656071048,Normal,0,Regulars (Mid),-1.0790442014485204,-0.2960126787193267,-79.26167,-24.80149,2,2,Sleepers (Low),1,High,0.68150896
6966,41,2,0.0,0.0,Medium,4,3,2,Apparel,Raksha Bandhan,1,0,2,0,0,3049.684478890475,4.109617146010633,Black,0.5924785284724404,Normal,1,Sleepers (Low),-0.07423192969985082,-0.86817503366379,-10.648765,-47.636864,0,2,Sleepers (Low),0,High,0.48259592
6972,260,1,1266.91,0.0,Medium,1,1,4,Electronics,Regular Day,0,1,0,2,1,1131.5823393316196,3.927056555269923,N/A,0.2198385583470314,Normal,0,Regulars (Mid),-1.9520393686060487,1.6106122973739192,-45.53816,18.047232,2,0,Regulars (Mid),1,High,0.50374216
7004,27,2,0.0,0.0,Medium,4,3,2,Apparel,Regular Day,1,0,1,4,0,3049.684478890475,4.109617146010633,Black,0.5924785284724404,Normal,1,Sleepers (Low),0.03678626769776459,-0.9839686390973346,-12.255453,-69.94389,0,2,Sleepers (Low),0,High,0.37174308
7017,21,2,0.0,0.0,Medium,5,3,2,Apparel,Regular Day,0,0,3,0,0,3049.684478890475,4.109617146010633,Black,0.5924785284724404,Normal,1,Sleepers (Low),0.08436549515388556,-1.033594469997425,-4.2222257,-78.753654,0,2,Sleepers (Low),0,High,0.3995229
7029,106,1,0.0,0.0,Medium,2,1,2,Home,Regular Day,0,1,3,5,0,997.9569482375358,3.943474118767863,N/A,0.19387843833134358,Normal,0,Regulars (Mid),-1.1028338151765809,-0.2711997632692814,-76.648674,-21.86602,2,2,Sleepers (Low),1,High,0.4592209
7033,187,1,0.0,0.0,Medium,1,1,2,Other,Holi,1,0,5,0,1,2927.2715744223538,4.09560875958515,Blue,0.5686967182532743,Normal,0,Regulars (Mid),-1.7451533858342132,0.3987489538819406,-72.06117,19.875933,2,2,Sleepers (Low),1,High,0.4544409
7041,205,1,0.0,0.0,Medium,1,1,2,Other,Regular Day,0,1,3,5,0,2927.2715744223538,4.09560875958515,Blue,0.5686967182532743,Normal,0,Regulars (Mid),-1.887891068202576,0.5476264465822122,-56.387344,35.817936,2,2,Sleepers (Low),1,High,0.47036204
7042,245,1,0.0,0.0,Medium,1,1,2,Watches,Regular Day,0,1,0,1,0,898.4134078947368,3.9463815789473684,N/A,0.17453958189899044,Normal,0,Regulars (Mid),-2.205085917910049,0.8784653192494823,-37.655724,77.131935,2,2,Sleepers (Low),1,High,0.4825319
7043,33,5,0.0,0.0,Medium,4,5,2,Accessories,Regular Day,1,1,3,2,1,5147.333333333333,4.024183006535948,Black,1.0,Normal,1,Sleepers (Low),1.5286878043479037,-1.112429115127828,67.519165,58.244167,4,2,Sleepers (Low),0,High,0.3566395
7046,63,3,0.0,0.0,Medium,3,4,2,Apparel,Regular Day,0,1,0,2,1,3049.684478890475,4.109617146010633,Black,0.5924785284724404,Normal,1,Sleepers (Low),0.2644711576631258,-0.7455757560069861,6.9828525,-53.03134,1,2,Sleepers (Low),0,High,0.45214245
7049,59,3,0.0,0.0,Medium,3,4,2,Accessories,Regular Day,0,1,4,2,1,5147.333333333333,4.024183006535948,Black,1.0,Normal,1,Sleepers (Low),0.2961906426338732,-0.7786596432737132,7.273043,-57.224792,1,2,Sleepers (Low),0,High,0.37099656
7059,199,1,0.0,0.0,Medium,1,1,2,Accessories,Regular Day,0,1,3,1,1,5147.333333333333,4.024183006535948,Black,1.0,Normal,0,Regulars (Mid),-1.840311840746455,0.49800061568212156,-59.69746,29.833384,2,2,Sleepers (Low),1,High,0.50483584
7070,145,2,0.0,0.0,Medium,2,3,2,Apparel,Regular Day,0,0,0,0,0,3049.684478890475,4.109617146010633,Black,0.5924785284724404,Normal,0,Regulars (Mid),-0.89893853893928,-0.007993964728887757,-13.911428,64.241356,0,2,Sleepers (Low),1,High,0.485572
7074,150,2,702.41,0.0,Medium,2,3,4,Accessories,Regular Day,0,1,0,3,1,5147.333333333333,4.024183006535948,Black,1.0,Normal,0,Regulars (Mid),-0.7323437739521099,0.37049862252625715,-6.638631,39.74076,0,0,Regulars (Mid),1,High,0.4876541
7076,155,1,0.0,0.0,Medium,2,1,2,Beauty,Regular Day,0,0,5,2,1,275.2450842696629,3.963171036204744,N/A,0.05347333588971563,Normal,0,Regulars (Mid),-1.491397506068235,0.1340778557481245,-100.81277,15.124552,2,2,Sleepers (Low),1,High,0.47065896
7102,149,3,967.53,0.0,Medium,2,4,4,Apparel,Regular Day,0,0,3,0,1,3049.684478890475,4.109617146010633,Black,0.5924785284724404,Normal,0,Regulars (Mid),-0.13340817113100475,0.43011594986418156,21.01878,-9.654084,1,0,Regulars (Mid),1,High,0.4853322
7107,56,3,2898.6,0.0,Medium,3,4,5,Electronics,Regular Day,0,0,0,2,1,1131.5823393316196,3.927056555269923,N/A,0.2198385583470314,Normal,2,Stars (VIP),1.1710774926086716,0.5877767385222864,40.71033,-1.9101183,1,1,Stars (VIP),0,High,0.39650774
7136,70,3,0.0,0.0,Medium,3,4,2,Footwear,Regular Day,0,1,3,5,0,1238.5830831016374,3.9357429718875503,N/A,0.2406261656071048,Normal,1,Sleepers (Low),0.20896205896431805,-0.6876789532902139,10.7205515,-46.900417,1,2,Sleepers (Low),0,High,0.4567447
7163,11,2,0.0,0.0,Medium,5,3,2,Apparel,Regular Day,0,0,1,0,0,3049.684478890475,4.109617146010633,Black,0.5924785284724404,Normal,1,Sleepers (Low),0.1636642075807537,-1.1163041881642426,12.359241,-94.90851,0,2,Sleepers (Low),0,High,0.40836132
7183,38,2,0.0,0.0,Medium,4,3,2,Beauty,Raksha Bandhan,1,1,1,0,0,275.2450842696629,3.963171036204744,N/A,0.05347333588971563,Normal,1,Sleepers (Low),-0.05044231597179038,-0.8929879491138353,-14.156654,-50.907784,0,2,Sleepers (Low),0,High,0.45108768
7189,40,3,4847.74,0.0,Medium,4,4,5,Apparel,Independence Day Sale,1,1,0,0,0,3049.684478890475,4.109617146010633,Black,0.5924785284724404,Normal,2,Stars (VIP),1.8702688482985907,1.3909754664284535,37.01184,10.630672,1,1,Stars (VIP),0,High,0.42863148
7208,66,2,0.0,0.0,Medium,3,3,2,Electronics,Regular Day,0,1,1,0,0,1131.5823393316196,3.927056555269923,N/A,0.2198385583470314,Normal,1,Sleepers (Low),-0.27247871076702135,-0.6614007382467462,-18.075073,-27.301521,0,2,Sleepers (Low),0,High,0.3994498
7231,76,3,0.0,0.0,Medium,3,4,2,Home,Regular Day,0,1,0,1,0,997.9569482375358,3.943474118767863,N/A,0.19387843833134358,Normal,1,Sleepers (Low),0.16138283150819718,-0.6380531223901234,15.497949,-42.791344,1,2,Sleepers (Low),0,High,0.50326926
7241,172,1,0.0,0.0,Medium,1,2,2,Home,Eid-ul-Fitr,1,1,0,1,0,997.9569482375358,3.943474118767863,N/A,0.19387843833134358,Normal,0,Regulars (Mid),-1.6262053171939108,0.27468437663171424,-86.4509,29.481533,2,2,Sleepers (Low),1,High,0.60288197
7254,23,3,2755.36,0.0,Medium,5,4,5,Beauty,Regular Day,0,0,3,1,1,275.2450842696629,3.963171036204744,N/A,0.05347333588971563,Normal,2,Stars (VIP),1.3907046056127887,0.2460833578226259,47.81105,-12.872674,1,1,Stars (VIP),0,High,0.35873076
7273,67,1,0.0,0.0,Medium,3,2,2,Electronics,Regular Day,0,1,3,3,0,1131.5823393316196,3.927056555269923,N/A,0.2198385583470314,Normal,1,Sleepers (Low),-0.7935688367117949,-0.5937676641198697,-44.084282,-33.05227,2,2,Sleepers (Low),0,High,0.596775
7282,91,5,536.6400000000001,0.0,Medium,3,5,4,Beauty,Regular Day,1,1,0,4,1,275.2450842696629,3.963171036204744,N/A,0.05347333588971563,Normal,1,Sleepers (Low),1.226325416776122,-0.3751401206034115,67.350655,46.869358,4,1,Stars (VIP),1,High,0.35301432
7292,205,2,0.0,0.0,Medium,1,3,2,Accessories,Regular Day,0,0,3,4,0,5147.333333333333,4.024183006535948,Black,1.0,Normal,0,Regulars (Mid),-1.3747308135004892,0.4882643442720174,7.6801553,62.769073,0,2,Sleepers (Low),1,High,0.45112026
7301,243,1,0.0,0.0,Medium,1,2,2,Accessories,Regular Day,0,1,3,4,0,5147.333333333333,4.024183006535948,Black,1.0,Normal,0,Regulars (Mid),-2.189226175424675,0.8619233756161188,-40.331432,78.47925,2,2,Sleepers (Low),1,High,0.52636594
7312,74,2,114.34,0.0,Medium,3,3,3,Other,Regular Day,0,1,4,0,1,2927.2715744223538,4.09560875958515,Blue,0.5686967182532743,Normal,1,Sleepers (Low),-0.3023447634407135,-0.5403528682716607,-29.128204,-25.251549,0,0,Regulars (Mid),0,High,0.42686433
7317,24,4,400.06,0.0,Medium,5,5,4,Apparel,Regular Day,0,1,1,2,0,3049.684478890475,4.109617146010633,Black,0.5924785284724404,Normal,1,Sleepers (Low),1.2043634302051691,-0.9354878215923007,74.53839,-4.521148,3,1,Stars (VIP),0,High,0.5093418
7323,61,2,1806.66,0.0,Medium,3,3,4,Accessories,Regular Day,0,0,0,0,0,5147.333333333333,4.024183006535948,Black,1.0,Normal,1,Sleepers (Low),0.29764857715052234,0.1643921482582462,-4.3177166,11.829449,0,1,Stars (VIP),0,High,0.41867453
7334,28,3,0.0,0.0,Medium,4,4,3,Apparel,Regular Day,0,1,1,3,0,3049.684478890475,4.109617146010633,Black,0.5924785284724404,Normal,1,Sleepers (Low),0.5420166511571645,-1.0350597695908474,43.429897,-63.7792,1,2,Sleepers (Low),0,High,0.486183
7335,30,2,0.0,0.0,Medium,4,3,3,Apparel,Regular Day,0,0,2,0,0,3049.684478890475,4.109617146010633,Black,0.5924785284724404,Normal,1,Sleepers (Low),0.01299665396970415,-0.9591557236472893,-17.915953,-63.675316,0,2,Sleepers (Low),0,High,0.511731
7348,59,3,1475.24,0.0,Medium,3,4,4,Accessories,Regular Day,0,1,0,2,0,5147.333333333333,4.024183006535948,Black,1.0,Normal,1,Sleepers (Low),0.7293558557714699,-0.0705844989732732,37.34791,-23.367523,1,0,Regulars (Mid),0,High,0.37099656
7364,40,3,0.0,0.0,Medium,4,4,3,Apparel,Regular Day,1,1,0,1,1,3049.684478890475,4.109617146010633,Black,0.5924785284724404,Normal,1,Sleepers (Low),0.44685819624492273,-0.9358081077906665,26.824722,-65.49896,1,2,Sleepers (Low),0,High,0.42863148
7377,87,2,1461.32,0.0,Medium,3,3,4,Electronics,Regular Day,0,0,1,1,1,1131.5823393316196,3.927056555269923,N/A,0.2198385583470314,Normal,1,Sleepers (Low),-0.00992803361012109,0.21368359215969088,-6.857013,22.419352,0,0,Regulars (Mid),0,High,0.4184859
7380,70,3,0.0,0.0,Medium,3,4,3,Apparel,Regular Day,0,0,2,1,0,3049.684478890475,4.109617146010633,Black,0.5924785284724404,Normal,1,Sleepers (Low),0.20896205896431805,-0.6876789532902139,10.7205515,-46.900417,1,2,Sleepers (Low),0,High,0.40252084
7414,22,1,0.0,0.0,Medium,5,2,3,Other,Regular Day,0,1,3,5,1,2927.2715744223538,4.09560875958515,Blue,0.5686967182532743,Normal,1,Sleepers (Low),-0.43672463079088797,-0.9659613958705486,-35.93904,-75.3048,2,2,Sleepers (Low),0,High,0.53752524
7430,59,3,0.0,0.0,Medium,3,4,3,Electronics,Regular Day,0,1,1,1,1,1131.5823393316196,3.927056555269923,N/A,0.2198385583470314,Normal,1,Sleepers (Low),0.2961906426338732,-0.7786596432737132,7.27238,-57.225044,1,2,Sleepers (Low),0,High,0.44012532
7431,43,2,0.0,0.0,Medium,4,3,3,Apparel,Raksha Bandhan,1,0,1,0,0,3049.684478890475,4.109617146010633,Black,0.5924785284724404,Normal,1,Sleepers (Low),-0.09009167218522446,-0.8516330900304265,-8.475921,-44.807262,0,2,Sleepers (Low),0,High,0.48755637
7449,61,3,0.0,0.0,Medium,3,4,3,Footwear,Regular Day,0,0,1,5,1,1238.5830831016374,3.9357429718875503,N/A,0.2406261656071048,Normal,1,Sleepers (Low),0.2803309001484995,-0.7621176996403496,6.7998366,-54.997932,1,2,Sleepers (Low),0,High,0.37836286
7450,38,2,262.27,0.0,Medium,4,3,3,Apparel,Raksha Bandhan,1,1,2,2,0,3049.684478890475,4.109617146010633,Black,0.5924785284724404,Normal,1,Sleepers (Low),0.026566333773063004,-0.7671054702658672,-11.615395,-9.940944,0,0,Regulars (Mid),0,High,0.45692584
7463,223,1,0.0,0.0,Medium,1,2,3,Electronics,Regular Day,0,1,5,1,1,1131.5823393316196,3.927056555269923,N/A,0.2198385583470314,Normal,0,Regulars (Mid),-2.030628750570939,0.6965039392824838,-59.238613,57.097607,2,2,Sleepers (Low),1,High,0.5045129
7490,31,4,0.0,0.0,Medium,4,5,3,Accessories,Regular Day,0,0,0,3,0,5147.333333333333,4.024183006535948,Black,1.0,Normal,1,Sleepers (Low),1.0313872921311906,-1.069608956450997,90.51679,-11.274689,3,2,Sleepers (Low),0,High,0.39343205
7493,136,3,3287.17,0.0,Medium,2,4,5,Accessories,Regular Day,0,1,1,0,1,5147.333333333333,4.024183006535948,Black,1.0,Normal,2,Stars (VIP),0.6507810979230421,1.4359575334086434,30.8948,-5.741098,1,1,Stars (VIP),1,High,0.33655566
7503,49,2,0.0,0.0,Medium,4,3,3,Apparel,Holi,1,0,1,0,0,3049.684478890475,4.109617146010633,Black,0.5924785284724404,Normal,1,Sleepers (Low),-0.13767089964134538,-0.802007259130336,-4.582038,-36.58433,0,2,Sleepers (Low),0,High,0.40761676
7513,73,2,692.0,0.0,Medium,3,3,4,Accessories,Regular Day,0,1,0,0,0,5147.333333333333,4.024183006535948,Black,1.0,Normal,1,Sleepers (Low),-0.12480030947178268,-0.2713627247060372,-14.0510435,16.5465,0,0,Regulars (Mid),0,High,0.44984704
7518,35,3,579.58,0.0,Medium,4,4,4,Electronics,Regular Day,0,0,0,0,0,1131.5823393316196,3.927056555269923,N/A,0.2198385583470314,Normal,1,Sleepers (Low),0.6566858924100178,-0.6989803036235879,38.585247,-36.1862,1,0,Regulars (Mid),0,High,0.3458655
7531,1,3,0.0,0.0,Medium,5,4,3,Other,Big Billion Days / Great Indian Sale,1,0,3,0,1,2927.2715744223538,4.09560875958515,Blue,0.5686967182532743,Normal,1,Sleepers (Low),0.7561231747097086,-1.2583760086412548,69.781685,-36.25618,1,2,Sleepers (Low),0,High,0.48002067
7532,118,3,0.0,0.0,Medium,2,4,3,Watches,Regular Day,0,2,0,1,0,898.4134078947368,3.9463815789473684,N/A,0.17453958189899044,Normal,1,Sleepers (Low),-0.1716717606846493,-0.2906723060894897,4.888914,-17.262983,1,2,Sleepers (Low),1,High,0.36799112
7536,133,2,0.0,0.0,Medium,2,3,3,Apparel,Regular Day,0,0,4,0,1,3049.684478890475,4.109617146010633,Black,0.5924785284724404,Normal,0,Regulars (Mid),-0.8037800840270383,-0.10724562652906877,-17.767347,50.02568,0,2,Sleepers (Low),1,High,0.44300377
7539,27,2,2625.16,0.0,Medium,4,3,5,Home,Regular Day,0,0,3,2,0,997.9569482375358,3.943474118767863,N/A,0.19387843833134358,Normal,1,Sleepers (Low),0.8075950790913639,0.27603688258845405,5.2228966,11.2414465,0,1,Stars (VIP),0,High,0.43014926
7551,189,1,0.0,0.0,Medium,1,2,3,Apparel,Holi,1,1,1,3,0,3049.684478890475,4.109617146010633,Black,0.5924785284724404,Normal,0,Regulars (Mid),-1.761013128319587,0.41529089751530407,-69.28014,20.4731,2,2,Sleepers (Low),1,High,0.5376144
7554,73,2,0.0,0.0,Medium,3,3,3,Footwear,Regular Day,0,1,4,1,0,1238.5830831016374,3.9357429718875503,N/A,0.2406261656071048,Normal,1,Sleepers (Low),-0.32798780946582906,-0.603503935529974,-27.03935,-25.620066,0,2,Sleepers (Low),0,High,0.4859114
7555,97,3,4962.84,0.0,Medium,2,4,5,Electronics,Regular Day,0,1,0,0,0,1131.5823393316196,3.927056555269923,N/A,0.2198385583470314,Normal,2,Stars (VIP),1.452062258634972,1.917665734785434,33.133488,14.594791,1,1,Stars (VIP),1,High,0.3714505
7556,224,1,1330.44,0.0,Medium,1,2,4,Accessories,Regular Day,0,0,2,1,0,5147.333333333333,4.024183006535948,Black,1.0,Normal,0,Regulars (Mid),-1.647910099426228,1.3433499870075447,-49.0042,15.751598,2,0,Regulars (Mid),1,High,0.5123239
7571,31,4,228.42,0.0,Medium,4,5,3,Apparel,Regular Day,0,1,4,1,0,3049.684478890475,4.109617146010633,Black,0.5924785284724404,Normal,1,Sleepers (Low),1.0984567845425202,-0.9599735585082171,76.59036,-3.8225515,3,1,Stars (VIP),0,High,0.41937038
7577,43,3,0.0,0.0,Medium,4,4,3,Apparel,Regular Day,1,0,0,1,1,3049.684478890475,4.109617146010633,Black,0.5924785284724404,Normal,1,Sleepers (Low),0.4230685825168623,-0.9109951923406212,23.22466,-65.733536,1,2,Sleepers (Low),0,High,0.4101542
7581,73,3,1665.69,0.0,Medium,3,4,4,Footwear,Regular Day,0,0,4,1,1,1238.5830831016374,3.9357429718875503,N/A,0.2406261656071048,Normal,1,Sleepers (Low),0.6742582644054529,0.13661993536405573,34.930645,-16.767572,1,1,Stars (VIP),0,High,0.49908027
7601,24,3,1641.98,0.0,Medium,5,4,4,Accessories,Regular Day,0,0,1,1,1,5147.333333333333,4.024183006535948,Black,1.0,Normal,1,Sleepers (Low),1.0558601408103168,-0.28003783987970204,44.615856,-23.974583,1,1,Stars (VIP),0,High,0.41371518
7604,57,3,9822.45,0.0,Medium,3,4,5,Footwear,Regular Day,0,0,1,3,1,1238.5830831016374,3.9357429718875503,N/A,0.2406261656071048,Anomaly,2,Stars (VIP),3.1961530719928315,3.91930771404318,35.621315,28.512278,-1,1,Stars (VIP),0,High,0.36134857
7624,171,1,1017.49,0.0,Medium,1,2,4,Electronics,Eid-ul-Fitr,1,0,5,5,1,1131.5823393316196,3.927056555269923,N/A,0.2198385583470314,Normal,0,Regulars (Mid),-1.3195164150712497,0.7547809779382224,-56.90866,9.479832,2,0,Regulars (Mid),1,High,0.6862865
7625,18,1,0.0,0.0,Medium,5,2,3,Footwear,Regular Day,0,1,3,2,1,1238.5830831016374,3.9357429718875503,N/A,0.2406261656071048,Normal,1,Sleepers (Low),-0.4050051458201407,-0.9990452831372756,-32.085915,-78.51513,2,2,Sleepers (Low),0,High,0.7114707
7635,37,2,0.0,0.0,Medium,4,3,3,Apparel,Holi,1,1,2,0,0,3049.684478890475,4.109617146010633,Black,0.5924785284724404,Normal,1,Sleepers (Low),-0.042512444729103586,-0.9012589209305171,-15.350017,-52.234024,0,2,Sleepers (Low),0,High,0.4321346
7652,36,2,5412.63,0.0,Medium,4,3,5,Apparel,Raksha Bandhan,1,0,2,0,0,3049.684478890475,4.109617146010633,Black,0.5924785284724404,Normal,2,Stars (VIP),1.5546930884973624,1.6883855435851203,18.480852,19.300213,0,1,Stars (VIP),0,High,0.3925014
7683,110,1,0.0,0.0,Medium,2,2,3,Electronics,Regular Day,0,0,4,5,0,1131.5823393316196,3.927056555269923,N/A,0.2198385583470314,Normal,0,Regulars (Mid),-1.1345533001473282,-0.23811587600255443,-72.4996,-18.324808,2,2,Sleepers (Low),1,High,0.5237524
7689,11,2,1063.08,0.0,Medium,5,3,4,Apparel,Regular Day,0,0,1,3,1,3049.684478890475,4.109617146010633,Black,0.5924785284724404,Normal,1,Sleepers (Low),0.4758095363288329,-0.6060546529002099,-3.0610106,-1.7496167,0,0,Regulars (Mid),0,High,0.40836132
7693,35,2,0.0,0.0,Medium,4,3,3,Apparel,Regular Day,0,1,0,3,0,3049.684478890475,4.109617146010633,Black,0.5924785284724404,Normal,1,Sleepers (Low),-0.026652702243729866,-0.9178008645638805,-16.830841,-54.86047,0,2,Sleepers (Low),0,High,0.4924708
7697,27,2,4039.74,0.0,Medium,4,3,5,Footwear,Regular Day,0,0,1,0,1,1238.5830831016374,3.9357429718875503,N/A,0.2406261656071048,Normal,2,Stars (VIP),1.222949087388442,0.9549968739285183,13.480321,15.745308,0,1,Stars (VIP),0,High,0.4151917
7700,71,3,0.0,0.0,Medium,3,4,3,Apparel,Regular Day,0,1,4,0,0,3049.684478890475,4.109617146010633,Black,0.5924785284724404,Normal,1,Sleepers (Low),0.20103218772163126,-0.6794079814735321,11.652658,-46.223305,1,2,Sleepers (Low),0,High,0.4020651
7706,42,3,481.13,0.0,Medium,4,4,4,Accessories,Regular Day,1,0,2,0,0,5147.333333333333,4.024183006535948,Black,1.0,Normal,1,Sleepers (Low),0.5722695547308432,-0.6883368277935448,36.987568,-36.906338,1,0,Regulars (Mid),0,High,0.3754774
7710,1,4,1412.22,0.0,Medium,5,5,4,Accessories,Big Billion Days / Great Indian Sale,1,0,2,5,1,5147.333333333333,4.024183006535948,Black,1.0,Normal,1,Sleepers (Low),1.6839444861192983,-0.6399108555326922,66.054695,-0.5318283,3,1,Stars (VIP),0,High,0.34718233
7732,46,2,0.0,0.0,Medium,4,3,3,Accessories,Independence Day Sale,1,1,2,2,0,5147.333333333333,4.024183006535948,Black,1.0,Normal,1,Sleepers (Low),-0.11388128591328495,-0.8268201745803813,-6.2211833,-41.23661,0,2,Sleepers (Low),0,High,0.41407806
7742,49,2,0.0,0.0,Medium,4,3,3,Apparel,Holi,1,0,1,0,0,3049.684478890475,4.109617146010633,Black,0.5924785284724404,Normal,1,Sleepers (Low),-0.13767089964134538,-0.802007259130336,-4.582038,-36.58433,0,2,Sleepers (Low),0,High,0.40761676
7746,74,3,0.0,0.0,Medium,3,4,3,Footwear,Regular Day,0,1,1,0,1,1238.5830831016374,3.9357429718875503,N/A,0.2406261656071048,Normal,1,Sleepers (Low),0.17724257399357077,-0.6545950660234868,14.014703,-44.393837,1,2,Sleepers (Low),0,High,0.50168407
7749,75,3,0.0,0.0,Medium,3,4,3,Electronics,Regular Day,0,2,1,1,0,1131.5823393316196,3.927056555269923,N/A,0.2198385583470314,Normal,1,Sleepers (Low),0.16931270275088398,-0.6463240942068051,14.795315,-43.609425,1,2,Sleepers (Low),0,High,0.5404811
7750,146,3,0.0,0.0,Medium,2,4,3,Accessories,Regular Day,0,0,4,1,1,5147.333333333333,4.024183006535948,Black,1.0,Normal,0,Regulars (Mid),-0.3937081554798802,-0.05908509522240064,8.906775,-5.986254,1,2,Sleepers (Low),1,High,0.43154427
7775,19,3,0.0,0.0,Medium,5,4,3,Beauty,Regular Day,0,1,0,4,1,275.2450842696629,3.963171036204744,N/A,0.05347333588971563,Normal,1,Sleepers (Low),0.6133854923413459,-1.1094985159409831,56.07031,-56.199764,1,2,Sleepers (Low),0,High,0.55200917
7819,46,2,433.68,0.0,Medium,4,3,4,Accessories,Eid-ul-Fitr,1,1,1,3,0,5147.333333333333,4.024183006535948,Black,1.0,Normal,1,Sleepers (Low),0.013457377377781564,-0.6186655498547673,-12.829662,-7.980189,0,0,Regulars (Mid),0,High,0.41407806
7821,24,3,0.0,0.0,Medium,5,4,3,Apparel,Regular Day,0,0,4,0,0,3049.684478890475,4.109617146010633,Black,0.5924785284724404,Normal,1,Sleepers (Low),0.5737361361279117,-1.0681436568575744,49.604156,-61.267532,1,2,Sleepers (Low),0,High,0.51380426
7824,83,2,0.0,0.0,Medium,3,3,3,Apparel,Regular Day,0,0,0,3,0,3049.684478890475,4.109617146010633,Black,0.5924785284724404,Normal,1,Sleepers (Low),-0.40728652189269726,-0.5207942173631565,-28.207216,-13.319756,0,2,Sleepers (Low),0,High,0.44551858
7863,19,4,0.0,0.0,Medium,5,5,3,Watches,Regular Day,0,1,5,0,0,898.4134078947368,3.9463815789473684,N/A,0.17453958189899044,Normal,1,Sleepers (Low),1.1265457470434324,-1.1688606182511778,83.38956,-18.297178,3,2,Sleepers (Low),0,High,0.5024909
7875,45,2,754.02,0.0,Medium,4,3,4,Apparel,Independence Day Sale,1,0,0,0,0,3049.684478890475,4.109617146010633,Black,0.5924785284724404,Normal,1,Sleepers (Low),0.11544661819863716,-0.47318201953945493,-12.638297,-4.3825707,0,0,Regulars (Mid),0,High,0.48755637
7879,205,1,0.0,0.0,Medium,1,2,3,Accessories,Regular Day,0,1,4,2,0,5147.333333333333,4.024183006535948,Black,1.0,Normal,0,Regulars (Mid),-1.887891068202576,0.5476264465822122,-56.387344,35.817936,2,2,Sleepers (Low),1,High,0.53557116
7891,24,2,939.78,0.0,Medium,5,3,4,Apparel,Regular Day,0,1,1,3,0,3049.684478890475,4.109617146010633,Black,0.5924785284724404,Normal,1,Sleepers (Low),0.3365174258541558,-0.5577126714431612,-6.986096,-1.6402123,0,0,Regulars (Mid),0,High,0.4405293
7893,149,2,0.0,0.0,Medium,2,3,3,Apparel,Regular Day,0,0,2,1,0,3049.684478890475,4.109617146010633,Black,0.5924785284724404,Normal,0,Regulars (Mid),-0.9306580239100274,0.02508992253783931,-13.475866,67.63399,0,2,Sleepers (Low),1,High,0.50843954
7908,84,3,0.0,0.0,Medium,3,4,3,Accessories,Regular Day,0,1,2,3,0,5147.333333333333,4.024183006535948,Black,1.0,Normal,1,Sleepers (Low),0.09794386156670262,-0.5718853478566693,15.86963,-35.619045,1,2,Sleepers (Low),0,High,0.36187404
7952,165,2,0.0,0.0,Medium,1,3,3,Electronics,Regular Day,0,0,4,1,0,1131.5823393316196,3.927056555269923,N/A,0.2198385583470314,Normal,0,Regulars (Mid),-1.0575359637930166,0.15742547160474732,-8.016153,80.583244,0,2,Sleepers (Low),1,High,0.4030046
7961,29,6,7820.57,0.0,Medium,4,5,5,Apparel,Regular Day,0,0,1,1,1,3049.684478890475,4.109617146010633,Black,0.5924785284724404,Anomaly,2,Stars (VIP),4.3698711088017195,2.548786151268307,38.444733,38.596104,5,1,Stars (VIP),0,High,0.39331606
7973,189,1,0.0,0.0,Medium,1,2,3,Accessories,Holi,1,0,2,4,1,5147.333333333333,4.024183006535948,Black,1.0,Normal,0,Regulars (Mid),-1.761013128319587,0.41529089751530407,-69.28014,20.4731,2,2,Sleepers (Low),1,High,0.7893701
7993,23,3,0.0,0.0,Medium,5,4,3,Accessories,Regular Day,0,1,1,3,0,5147.333333333333,4.024183006535948,Black,1.0,Normal,1,Sleepers (Low),0.5816660073705986,-1.0764146286742562,50.952232,-60.309105,1,2,Sleepers (Low),0,High,0.41609648
8010,243,1,0.0,0.0,Medium,1,2,3,Accessories,Regular Day,0,0,4,0,1,5147.333333333333,4.024183006535948,Black,1.0,Normal,0,Regulars (Mid),-2.189226175424675,0.8619233756161188,-40.29869,78.7506,2,2,Sleepers (Low),1,High,0.52636594
8026,191,2,3906.7,0.0,Medium,1,3,5,Apparel,Holi,1,0,0,0,1,3049.684478890475,4.109617146010633,Black,0.5924785284724404,Normal,0,Regulars (Mid),-0.11661347415671641,2.24758066416488,11.596479,33.28264,0,1,Stars (VIP),1,High,0.4307222
8030,22,1,0.0,0.0,Medium,5,2,3,Beauty,Regular Day,0,2,0,2,1,275.2450842696629,3.963171036204744,N/A,0.05347333588971563,Normal,1,Sleepers (Low),-0.43672463079088797,-0.9659613958705486,-35.93904,-75.3048,2,2,Sleepers (Low),0,High,0.5640502
8033,98,3,0.0,0.0,Medium,2,4,3,Home,Regular Day,0,1,2,2,1,997.9569482375358,3.943474118767863,N/A,0.19387843833134358,Normal,1,Sleepers (Low),-0.013074335830912855,-0.4560917424231248,9.065896,-27.710285,1,2,Sleepers (Low),1,High,0.36692104
8055,35,3,0.0,0.0,Medium,4,4,3,Electronics,Regular Day,0,1,2,0,0,1131.5823393316196,3.927056555269923,N/A,0.2198385583470314,Normal,1,Sleepers (Low),0.48650755245835686,-0.9771629668740752,33.836777,-65.27603,1,2,Sleepers (Low),0,High,0.3458655
8059,19,1,346.25,0.0,Medium,5,2,4,Home,Regular Day,0,1,5,5,1,997.9569482375358,3.943474118767863,N/A,0.19387843833134358,Normal,1,Sleepers (Low),-0.3112678611770782,-0.8245837126966226,-44.212097,-17.55662,2,0,Regulars (Mid),0,High,0.75289524
8067,68,2,473.21,0.0,Medium,3,3,4,Accessories,Regular Day,0,0,3,0,0,5147.333333333333,4.024183006535948,Black,1.0,Normal,1,Sleepers (Low),-0.149392850835946,-0.41773084320587534,-15.473138,14.793656,0,0,Regulars (Mid),0,High,0.44916475
8082,26,4,2501.2,0.0,Medium,4,5,5,Accessories,Regular Day,0,0,0,4,1,5147.333333333333,4.024183006535948,Black,1.0,Normal,2,Stars (VIP),1.8054478838722385,0.0895442719118811,61.855534,11.292911,3,1,Stars (VIP),0,High,0.43866837
8083,236,1,0.0,0.0,Medium,1,2,3,Accessories,Regular Day,0,0,4,5,1,5147.333333333333,4.024183006535948,Black,1.0,Normal,0,Regulars (Mid),-2.1337170767258673,0.8040265728993464,-50.50353,76.439896,2,2,Sleepers (Low),1,High,0.6378605
8085,82,3,9065.48,0.0,Medium,3,4,5,Electronics,Regular Day,0,1,0,0,0,1131.5823393316196,3.927056555269923,N/A,0.2198385583470314,Anomaly,2,Stars (VIP),2.775642068569457,3.762756962700982,35.109196,27.913473,7,1,Stars (VIP),0,High,0.44856995
8091,25,3,0.0,0.0,Medium,4,4,3,Accessories,Regular Day,0,0,0,5,0,5147.333333333333,4.024183006535948,Black,1.0,Normal,1,Sleepers (Low),0.5658062648852249,-1.0598726850408928,47.968506,-61.673897,1,2,Sleepers (Low),0,High,0.38150805
8097,20,1,0.0,0.0,Medium,5,2,3,Accessories,Regular Day,0,0,3,5,1,5147.333333333333,4.024183006535948,Black,1.0,Normal,1,Sleepers (Low),-0.4208648883055144,-0.9825033395039121,-33.354774,-77.25121,2,2,Sleepers (Low),0,High,0.49741697
8100,64,2,0.0,0.0,Medium,3,3,3,Apparel,Regular Day,0,0,1,0,0,3049.684478890475,4.109617146010633,Black,0.5924785284724404,Normal,1,Sleepers (Low),-0.25661896828164765,-0.6779426818801098,-15.327521,-25.275911,0,2,Sleepers (Low),0,High,0.5265588
8106,131,3,0.0,0.0,Medium,2,4,3,Accessories,Regular Day,0,1,0,5,1,5147.333333333333,4.024183006535948,Black,1.0,Normal,1,Sleepers (Low),-0.27476008683957787,-0.18314967247262695,7.8867574,-11.339908,1,2,Sleepers (Low),1,High,0.40371084
8111,18,3,1489.64,0.0,Medium,5,4,4,Accessories,Regular Day,0,0,3,2,1,5147.333333333333,4.024183006535948,Black,1.0,Normal,1,Sleepers (Low),1.058708755912257,-0.40278273444585977,45.876514,-25.30295,1,0,Regulars (Mid),0,High,0.44044343
8126,82,3,0.0,0.0,Medium,3,4,3,Beauty,Regular Day,0,0,1,2,1,275.2450842696629,3.963171036204744,N/A,0.05347333588971563,Normal,1,Sleepers (Low),0.11380360405207621,-0.5884272914900328,16.537823,-37.056282,1,2,Sleepers (Low),0,High,0.36831155
8127,18,2,0.0,0.0,Medium,5,3,3,Beauty,Regular Day,0,0,1,2,0,275.2450842696629,3.963171036204744,N/A,0.05347333588971563,Normal,1,Sleepers (Low),0.10815510888194599,-1.0584073854474703,-0.5630279,-84.90232,0,2,Sleepers (Low),0,High,0.49826464
8134,38,2,0.0,0.0,Medium,4,3,3,Accessories,Raksha Bandhan,1,0,4,0,0,5147.333333333333,4.024183006535948,Black,1.0,Normal,1,Sleepers (Low),-0.05044231597179038,-0.8929879491138353,-14.156654,-50.90778,0,2,Sleepers (Low),0,High,0.40894392
8140,15,1,0.0,0.0,Medium,5,2,3,Watches,Regular Day,0,0,2,3,0,898.4134078947368,3.9463815789473684,N/A,0.17453958189899044,Normal,1,Sleepers (Low),-0.38121553209208026,-1.023858198587321,-30.078226,-80.61019,2,2,Sleepers (Low),0,High,0.5147458
8143,21,3,0.0,0.0,Medium,5,4,3,Apparel,Regular Day,0,2,0,0,1,3049.684478890475,4.109617146010633,Black,0.5924785284724404,Normal,1,Sleepers (Low),0.5975257498559723,-1.0929565723076198,53.774494,-58.304478,1,2,Sleepers (Low),0,High,0.42970872
8161,29,7,2982.8999999999996,0.0,Medium,4,5,5,Accessories,Regular Day,1,1,3,3,1,5147.333333333333,4.024183006535948,Black,1.0,Normal,2,Stars (VIP),3.462577500648028,0.16747380131846706,33.25206,48.705685,6,1,Stars (VIP),0,High,0.3629302
8180,35,2,0.0,0.0,Medium,4,3,3,Apparel,Eid-ul-Fitr,1,0,1,1,1,3049.684478890475,4.109617146010633,Black,0.5924785284724404,Normal,1,Sleepers (Low),-0.026652702243729866,-0.9178008645638805,-16.830841,-54.86047,0,2,Sleepers (Low),0,High,0.3813274
8184,22,3,3504.28,0.0,Medium,5,4,5,Accessories,Regular Day,0,1,1,0,1,5147.333333333333,4.024183006535948,Black,1.0,Normal,2,Stars (VIP),1.618535029594697,0.5972736513386937,42.119877,4.3957005,1,1,Stars (VIP),0,High,0.41609648
8191,243,1,800.07,0.0,Medium,1,2,4,Accessories,Regular Day,0,0,3,5,1,5147.333333333333,4.024183006535948,Black,1.0,Normal,0,Regulars (Mid),-1.9543067778520786,1.245935252124655,-47.90218,19.871368,2,0,Regulars (Mid),1,High,0.52636594
8198,39,2,473.9,0.0,Medium,4,3,4,Apparel,Raksha Bandhan,1,0,1,2,0,3049.684478890475,4.109617146010633,Black,0.5924785284724404,Normal,1,Sleepers (Low),0.08077601545485595,-0.6572578446245182,-11.511862,-7.6127353,0,0,Regulars (Mid),0,High,0.4610635
8202,160,3,2980.89,0.0,Medium,1,4,5,Home,Regular Day,0,0,4,4,0,997.9569482375358,3.943474118767863,N/A,0.19387843833134358,Normal,2,Stars (VIP),0.3705331657023494,1.4874547731200525,29.07362,-5.958274,1,1,Stars (VIP),1,High,0.37594408
8207,56,4,0.0,0.0,Medium,3,5,3,Apparel,Regular Day,0,1,0,0,1,3049.684478890475,4.109617146010633,Black,0.5924785284724404,Normal,1,Sleepers (Low),0.8331405110640202,-0.8628346610339531,94.877335,0.96210223,3,2,Sleepers (Low),0,High,0.4190517
8212,30,4,621.0,0.0,Medium,4,5,4,Accessories,Regular Day,0,0,1,0,0,5147.333333333333,4.024183006535948,Black,1.0,Normal,1,Sleepers (Low),1.2216573909696906,-0.7798167896525563,75.03819,-1.6817822,3,1,Stars (VIP),0,High,0.44610304
8227,81,3,0.0,0.0,Medium,3,4,3,Apparel,Regular Day,0,1,1,1,1,3049.684478890475,4.109617146010633,Black,0.5924785284724404,Normal,1,Sleepers (Low),0.12173347529476305,-0.5966982633067146,16.548061,-37.923023,1,2,Sleepers (Low),0,High,0.41422018
8239,208,1,0.0,0.0,Medium,1,2,3,Accessories,Regular Day,0,1,2,4,1,5147.333333333333,4.024183006535948,Black,1.0,Normal,0,Regulars (Mid),-1.9116806819306364,0.5724393620322575,-55.830223,39.0985,2,2,Sleepers (Low),1,High,0.5340573
8241,1,5,5663.889999999999,0.0,Medium,5,5,5,Accessories,Regular Day,1,1,2,3,1,5147.333333333333,4.024183006535948,Black,1.0,Normal,2,Stars (VIP),3.445495200503014,1.3414132008620365,42.883198,40.371178,4,1,Stars (VIP),0,High,0.41432256
8261,69,2,0.0,0.0,Medium,3,3,3,Accessories,Regular Day,0,0,1,0,0,5147.333333333333,4.024183006535948,Black,1.0,Normal,1,Sleepers (Low),-0.2962683244950818,-0.6365878227967009,-22.031902,-29.08992,0,2,Sleepers (Low),0,High,0.46230957
8262,82,2,4317.9,0.0,Medium,3,3,5,Electronics,Regular Day,0,0,1,3,0,1131.5823393316196,3.927056555269923,N/A,0.2198385583470314,Normal,2,Stars (VIP),0.8684804970729559,1.543409571248885,11.686556,24.38423,0,1,Stars (VIP),0,High,0.45400512
8265,3,3,0.0,0.0,Medium,5,4,3,Apparel,Big Billion Days / Great Indian Sale,1,1,3,0,0,3049.684478890475,4.109617146010633,Black,0.5924785284724404,Normal,1,Sleepers (Low),0.7402634322243349,-1.2418340650078914,69.035255,-37.710228,1,2,Sleepers (Low),0,High,0.41297463
8267,13,2,0.0,0.0,Medium,5,3,3,Beauty,Regular Day,0,1,2,4,0,275.2450842696629,3.963171036204744,N/A,0.05347333588971563,Normal,1,Sleepers (Low),0.14780446509538012,-1.0997622445308792,7.52718,-93.226295,0,2,Sleepers (Low),0,High,0.5193793
8271,30,3,768.22,0.0,Medium,4,4,4,Electronics,Regular Day,0,1,0,0,0,1131.5823393316196,3.927056555269923,N/A,0.2198385583470314,Normal,1,Sleepers (Low),0.7517243960206728,-0.649793084658113,39.809734,-32.702587,1,0,Regulars (Mid),0,High,0.3874397
8275,159,2,0.0,0.0,Medium,2,3,3,Watches,Regular Day,0,0,1,2,1,898.4134078947368,3.9463815789473684,N/A,0.17453958189899044,Normal,0,Regulars (Mid),-1.0099567363368955,0.10779964070465681,-11.49182,76.17884,0,2,Sleepers (Low),1,High,0.4249328
8294,30,2,0.0,0.0,Medium,4,3,3,Accessories,Regular Day,0,0,1,3,0,5147.333333333333,4.024183006535948,Black,1.0,Normal,1,Sleepers (Low),0.01299665396970415,-0.9591557236472893,-17.915953,-63.675316,0,2,Sleepers (Low),0,High,0.41064322
8297,55,3,0.0,0.0,Medium,3,4,3,Footwear,Regular Day,0,1,0,4,0,1238.5830831016374,3.9357429718875503,N/A,0.2406261656071048,Normal,1,Sleepers (Low),0.32791012760462035,-0.8117435305404401,9.929477,-61.21001,1,2,Sleepers (Low),0,High,0.41899428
8305,119,3,455.16,0.0,Medium,2,4,4,Electronics,Regular Day,0,1,0,0,1,1131.5823393316196,3.927056555269923,N/A,0.2198385583470314,Normal,1,Sleepers (Low),-0.045955934676916804,-0.06393689277190766,11.89558,-15.475868,1,0,Regulars (Mid),1,High,0.37426233
8323,14,2,0.0,0.0,Medium,5,3,3,Beauty,Regular Day,0,0,2,0,0,275.2450842696629,3.963171036204744,N/A,0.05347333588971563,Normal,1,Sleepers (Low),0.13987459385269327,-1.0914912727141974,5.8632717,-91.639725,0,2,Sleepers (Low),0,High,0.43528858
8329,64,2,0.0,0.0,Medium,3,3,3,Apparel,Regular Day,0,0,0,0,0,3049.684478890475,4.109617146010633,Black,0.5924785284724404,Normal,1,Sleepers (Low),-0.25661896828164765,-0.6779426818801098,-15.327521,-25.275911,0,2,Sleepers (Low),0,High,0.5265588
8343,198,2,0.0,0.0,Medium,1,3,3,Accessories,Regular Day,0,0,2,1,0,5147.333333333333,4.024183006535948,Black,1.0,Normal,0,Regulars (Mid),-1.3192217148016814,0.4303675415552451,5.8540196,66.6122,0,2,Sleepers (Low),1,High,0.41038606
8373,120,1,4449.76,0.0,Medium,2,2,5,Electronics,Regular Day,0,0,3,1,0,1131.5823393316196,3.927056555269923,N/A,0.2198385583470314,Normal,2,Stars (VIP),0.09270233709850285,1.9803578223317788,-43.488964,2.696302,2,1,Stars (VIP),1,High,0.6596309
8388,38,2,559.57,0.0,Medium,4,3,4,Accessories,Raksha Bandhan,1,0,4,2,0,5147.333333333333,4.024183006535948,Black,1.0,Normal,1,Sleepers (Low),0.11386061664622774,-0.6244095425520574,-11.201722,-6.6077323,0,0,Regulars (Mid),0,High,0.40894392
8394,12,3,0.0,0.0,Medium,5,4,3,Beauty,Regular Day,0,0,2,0,0,275.2450842696629,3.963171036204744,N/A,0.05347333588971563,Normal,1,Sleepers (Low),0.6688945910401536,-1.1673953186577555,62.332428,-47.757248,1,2,Sleepers (Low),0,High,0.41992432
8402,75,2,3047.6,0.0,Medium,3,3,5,Apparel,Regular Day,0,1,1,0,1,3049.684478890475,4.109617146010633,Black,0.5924785284724404,Normal,2,Stars (VIP),0.5509995939763345,0.8758032597031433,5.3904347,21.33457,0,1,Stars (VIP),0,High,0.5597912
8407,62,2,0.0,0.0,Medium,3,3,3,Apparel,Regular Day,0,0,4,0,0,3049.684478890475,4.109617146010633,Black,0.5924785284724404,Normal,1,Sleepers (Low),-0.24075922579627407,-0.6944846255134732,-13.040284,-23.305447,0,2,Sleepers (Low),0,High,0.5307524
8414,11,1,0.0,0.0,Medium,5,2,3,Footwear,Regular Day,0,0,2,3,0,1238.5830831016374,3.9357429718875503,N/A,0.2406261656071048,Normal,1,Sleepers (Low),-0.349496047121333,-1.056942085854048,-26.753672,-84.171745,2,2,Sleepers (Low),0,High,0.62231845
8436,67,3,0.0,0.0,Medium,3,4,3,Apparel,Regular Day,0,0,1,5,1,3049.684478890475,4.109617146010633,Black,0.5924785284724404,Normal,1,Sleepers (Low),0.23275167269237848,-0.7124918687402592,8.415414,-49.173462,1,2,Sleepers (Low),0,High,0.45132816
8440,45,2,0.0,0.0,Medium,4,3,3,Accessories,Independence Day Sale,1,0,0,3,0,5147.333333333333,4.024183006535948,Black,1.0,Normal,1,Sleepers (Low),-0.10595141467059815,-0.8350911463970629,-6.753183,-42.623726,0,2,Sleepers (Low),0,High,0.42779624
8444,77,3,0.0,0.0,Medium,3,4,3,Apparel,Regular Day,0,0,0,1,1,3049.684478890475,4.109617146010633,Black,0.5924785284724404,Normal,1,Sleepers (Low),0.15345296026551034,-0.6297821505734416,16.050638,-41.951912,1,2,Sleepers (Low),0,High,0.5316089
8448,145,2,2907.24,0.0,Medium,2,3,5,Apparel,Regular Day,0,1,0,0,1,3049.684478890475,4.109617146010633,Black,0.5924785284724404,Normal,0,Regulars (Mid),-0.045304395178165445,1.3874022979239762,6.060289,32.02761,0,1,Stars (VIP),1,High,0.485572
8451,240,1,0.0,0.0,Medium,1,2,3,Accessories,Regular Day,0,1,0,3,1,5147.333333333333,4.024183006535948,Black,1.0,Normal,0,Regulars (Mid),-2.1654365616966147,0.8371104601660736,-45.411434,78.532326,2,2,Sleepers (Low),1,High,0.6378605
8465,168,2,1026.18,0.0,Medium,1,3,4,Electronics,Eid-ul-Fitr,1,1,2,1,0,1131.5823393316196,3.927056555269923,N/A,0.2198385583470314,Normal,0,Regulars (Mid),-0.7800149579489807,0.6747769242272021,-3.9658737,39.84117,0,0,Regulars (Mid),1,High,0.36091653
8469,27,3,0.0,0.0,Medium,4,4,3,Accessories,Regular Day,0,0,4,2,1,5147.333333333333,4.024183006535948,Black,1.0,Normal,1,Sleepers (Low),0.5499465223998513,-1.0433307414075292,44.768658,-62.823963,1,2,Sleepers (Low),0,High,0.4132054
8500,35,3,0.0,0.0,Medium,4,4,3,Footwear,Regular Day,0,0,2,4,1,1238.5830831016374,3.9357429718875503,N/A,0.2406261656071048,Normal,1,Sleepers (Low),0.48650755245835686,-0.9771629668740752,33.836777,-65.27603,1,2,Sleepers (Low),0,High,0.3885287
8501,13,5,1883.69,0.0,Medium,5,5,4,Beauty,Regular Day,0,1,1,4,0,275.2450842696629,3.963171036204744,N/A,0.05347333588971563,Normal,2,Stars (VIP),2.2403809833400583,-0.37372849739073855,53.32558,51.24689,4,1,Stars (VIP),0,High,0.40462172
8505,32,4,3055.39,0.0,Medium,4,5,5,Apparel,Regular Day,0,2,0,5,1,3049.684478890475,4.109617146010633,Black,0.5924785284724404,Normal,2,Stars (VIP),1.9205918943087485,0.405166255451448,60.333675,15.1514,3,1,Stars (VIP),0,High,0.4406448
8509,19,1,189.03,0.0,Medium,5,2,3,Beauty,Regular Day,0,2,1,3,1,275.2450842696629,3.963171036204744,N/A,0.05347333588971563,Normal,1,Sleepers (Low),-0.3574313564791938,-0.9000450438609858,-32.83738,-74.69261,2,0,Regulars (Mid),0,High,0.77906275
8516,159,2,0.0,0.0,Medium,2,3,3,Beauty,Regular Day,0,0,0,0,1,275.2450842696629,3.963171036204744,N/A,0.05347333588971563,Normal,0,Regulars (Mid),-1.0099567363368955,0.10779964070465681,-11.49182,76.17884,0,2,Sleepers (Low),1,High,0.5585224
8539,2,3,0.0,0.0,Medium,5,4,3,Apparel,Big Billion Days / Great Indian Sale,1,0,0,5,1,3049.684478890475,4.109617146010633,Black,0.5924785284724404,Normal,1,Sleepers (Low),0.7481933034670218,-1.250105036824573,69.73248,-37.157562,1,2,Sleepers (Low),0,High,0.48171344
8540,3,2,0.0,0.0,Medium,5,3,3,Other,Big Billion Days / Great Indian Sale,1,0,5,2,0,2927.2715744223538,4.09560875958515,Blue,0.5686967182532743,Normal,1,Sleepers (Low),0.22710317752224826,-1.1824719626976967,31.816986,-91.80842,0,2,Sleepers (Low),0,High,0.36402753
8556,130,3,317.38,0.0,Medium,2,4,3,Apparel,Regular Day,0,0,1,0,1,3049.684478890475,4.109617146010633,Black,0.5924785284724404,Normal,1,Sleepers (Low),-0.17363997174124018,-0.03908686178742861,11.20266,-14.445741,1,0,Regulars (Mid),1,High,0.40660462
8560,29,3,0.0,0.0,Medium,4,4,3,Electronics,Regular Day,0,0,3,0,1,1131.5823393316196,3.927056555269923,N/A,0.2198385583470314,Normal,1,Sleepers (Low),0.5340867799144777,-1.0267887977741657,42.08875,-64.14686,1,2,Sleepers (Low),0,High,0.39365247
8564,19,3,0.0,0.0,Medium,5,4,3,Accessories,Regular Day,0,1,0,1,0,5147.333333333333,4.024183006535948,Black,1.0,Normal,1,Sleepers (Low),0.6133854923413459,-1.1094985159409831,56.13924,-56.24871,1,2,Sleepers (Low),0,High,0.45388052
8568,240,1,0.0,0.0,Medium,1,2,3,Accessories,Regular Day,0,1,5,1,1,5147.333333333333,4.024183006535948,Black,1.0,Normal,0,Regulars (Mid),-2.1654365616966147,0.8371104601660736,-45.411434,78.532326,2,2,Sleepers (Low),1,High,0.6378605
8569,72,3,0.0,0.0,Medium,3,4,3,Apparel,Regular Day,0,1,2,4,1,3049.684478890475,4.109617146010633,Black,0.5924785284724404,Normal,1,Sleepers (Low),0.19310231647894446,-0.6711370096568504,12.634594,-45.781902,1,2,Sleepers (Low),0,High,0.4215062
8570,30,2,0.0,0.0,Medium,4,3,3,Footwear,Regular Day,0,1,0,0,0,1238.5830831016374,3.9357429718875503,N/A,0.2406261656071048,Normal,1,Sleepers (Low),0.01299665396970415,-0.9591557236472893,-17.330008,-63.6662,0,2,Sleepers (Low),0,High,0.4151917
8575,160,2,1024.64,0.0,Medium,1,3,4,Footwear,Regular Day,0,1,5,0,0,1238.5830831016374,3.9357429718875503,N/A,0.2406261656071048,Normal,0,Regulars (Mid),-0.7170281682820395,0.6078699915078106,-4.7122474,39.25783,0,0,Regulars (Mid),1,High,0.523905
8591,30,4,0.0,0.0,Medium,4,5,3,Accessories,Regular Day,0,0,2,0,0,5147.333333333333,4.024183006535948,Black,1.0,Normal,1,Sleepers (Low),1.0393171633738774,-1.0778799282676788,90.16368,-11.875978,3,2,Sleepers (Low),0,High,0.44610304
8600,77,2,0.0,0.0,Medium,3,3,3,Other,Regular Day,0,0,4,0,0,2927.2715744223538,4.09560875958515,Blue,0.5686967182532743,Normal,1,Sleepers (Low),-0.35970729443657634,-0.5704200482632469,-29.081177,-20.855865,0,2,Sleepers (Low),0,High,0.4376553
8634,28,5,3000.21,0.0,Medium,4,5,5,Accessories,Regular Day,0,1,1,1,0,5147.333333333333,4.024183006535948,Black,1.0,Normal,2,Stars (VIP),2.4492694862219415,0.28623536412125344,49.702465,46.17828,4,1,Stars (VIP),0,High,0.4612952
8636,34,3,3314.53,0.0,Medium,4,4,5,Accessories,Regular Day,0,0,4,3,1,5147.333333333333,4.024183006535948,Black,1.0,Normal,2,Stars (VIP),1.46766150513929,0.6054504652286984,41.39001,1.7351124,1,1,Stars (VIP),0,High,0.42825335
8641,51,2,293.78,0.0,Medium,4,3,3,Apparel,Independence Day Sale,1,0,0,0,1,3049.684478890475,4.109617146010633,Black,0.5924785284724404,Normal,1,Sleepers (Low),-0.06726991416681881,-0.6444588922081631,-12.444694,-14.060183,0,0,Regulars (Mid),0,High,0.40825272
8645,75,2,0.0,0.0,Medium,3,3,3,Electronics,Regular Day,0,0,2,2,1,1131.5823393316196,3.927056555269923,N/A,0.2198385583470314,Normal,1,Sleepers (Low),-0.3438475519512027,-0.5869619918966105,-28.665161,-23.413696,0,2,Sleepers (Low),0,High,0.4997923
8691,109,1,0.0,0.0,Medium,2,2,3,Electronics,Regular Day,0,0,1,4,0,1131.5823393316196,3.927056555269923,N/A,0.2198385583470314,Normal,0,Regulars (Mid),-1.1266234289046413,-0.24638684781923617,-73.518814,-19.069199,2,2,Sleepers (Low),1,High,0.5727352
8701,16,1,0.0,0.0,Medium,5,2,3,Other,Regular Day,0,0,2,3,1,2927.2715744223538,4.09560875958515,Blue,0.5686967182532743,Normal,1,Sleepers (Low),-0.3891454033347671,-1.0155872267706392,-30.603601,-79.70996,2,2,Sleepers (Low),0,High,0.506243
8704,19,4,0.0,0.0,Medium,5,5,3,Accessories,Regular Day,0,2,4,3,0,5147.333333333333,4.024183006535948,Black,1.0,Normal,1,Sleepers (Low),1.1265457470434324,-1.1688606182511778,83.38956,-18.297178,3,2,Sleepers (Low),0,High,0.4417364
8717,41,2,0.0,0.0,Medium,4,3,3,Apparel,Raksha Bandhan,1,1,2,3,1,3049.684478890475,4.109617146010633,Black,0.5924785284724404,Normal,1,Sleepers (Low),-0.07423192969985082,-0.86817503366379,-10.648763,-47.636864,0,2,Sleepers (Low),0,High,0.48259592
8730,102,1,2972.55,0.0,Medium,2,2,5,Electronics,Regular Day,0,2,2,1,1,1131.5823393316196,3.927056555269923,N/A,0.2198385583470314,Normal,0,Regulars (Mid),-0.1983036320738935,1.1224596388204846,-46.68958,0.8563509,2,1,Stars (VIP),1,High,0.5723798
8741,75,3,622.52,0.0,Medium,3,4,4,Other,Regular Day,0,1,0,2,1,2927.2715744223538,4.09560875958515,Blue,0.5686967182532743,Normal,1,Sleepers (Low),0.35209923815015237,-0.34753139686270523,27.28491,-27.04074,1,0,Regulars (Mid),0,High,0.412813
8744,88,4,5100.64,0.0,Medium,3,5,5,Watches,Regular Day,1,1,1,0,1,898.4134078947368,3.9463815789473684,N/A,0.17453958189899044,Normal,2,Stars (VIP),2.0770526803871068,1.8500051445810841,54.539566,24.484957,3,1,Stars (VIP),0,High,0.39450574
8746,162,2,0.0,0.0,Medium,1,3,3,Accessories,Regular Day,0,0,3,1,0,5147.333333333333,4.024183006535948,Black,1.0,Normal,0,Regulars (Mid),-1.033746350064956,0.13261255615470205,-9.936153,78.79915,0,2,Sleepers (Low),1,High,0.44213054
8767,82,3,0.0,0.0,Medium,3,4,3,Apparel,Regular Day,0,0,3,3,0,3049.684478890475,4.109617146010633,Black,0.5924785284724404,Normal,1,Sleepers (Low),0.11380360405207621,-0.5884272914900328,16.260328,-37.12247,1,2,Sleepers (Low),0,High,0.42041174
8779,61,2,4196.82,0.0,Medium,3,3,5,Apparel,Regular Day,0,1,2,5,1,3049.684478890475,4.109617146010633,Black,0.5924785284724404,Normal,2,Stars (VIP),0.9994558531415192,1.3116040506613396,12.373223,19.405943,0,1,Stars (VIP),0,High,0.49713776
8798,202,1,0.0,0.0,Medium,1,2,3,Electronics,Regular Day,0,0,5,0,0,1131.5823393316196,3.927056555269923,N/A,0.2198385583470314,Normal,0,Regulars (Mid),-1.8641014544745154,0.5228135311321669,-57.568756,32.6712,2,2,Sleepers (Low),1,High,0.5764721
8811,153,3,1674.1,0.0,Medium,2,4,4,Apparel,Regular Day,0,0,0,4,0,3049.684478890475,4.109617146010633,Black,0.5924785284724404,Normal,0,Regulars (Mid),0.042337939087255735,0.8023342523503724,24.146662,-9.24845,1,0,Regulars (Mid),1,High,0.46232685
8815,25,4,2769.81,0.0,Medium,4,5,5,Accessories,Regular Day,0,1,5,0,0,5147.333333333333,4.024183006535948,Black,1.0,Normal,2,Stars (VIP),1.8922479781978745,0.21019880679956032,60.708126,12.710024,3,1,Stars (VIP),0,High,0.47576007
8853,82,3,0.0,0.0,Medium,3,4,3,Apparel,Regular Day,0,0,1,3,0,3049.684478890475,4.109617146010633,Black,0.5924785284724404,Normal,1,Sleepers (Low),0.11380360405207621,-0.5884272914900328,16.260328,-37.12247,1,2,Sleepers (Low),0,High,0.42041174
8861,58,2,2485.73,0.0,Medium,3,3,5,Electronics,Regular Day,0,0,3,1,0,1131.5823393316196,3.927056555269923,N/A,0.2198385583470314,Normal,1,Sleepers (Low),0.5208291383077115,0.4655143947073494,2.6758184,17.519957,0,1,Stars (VIP),0,High,0.43892252
8875,153,2,696.68,0.0,Medium,2,3,4,Beauty,Regular Day,0,0,0,1,1,275.2450842696629,3.963171036204744,N/A,0.05347333588971563,Normal,0,Regulars (Mid),-0.7578158506497743,0.3925612935571967,-6.3106327,40.162773,0,0,Regulars (Mid),1,High,0.50952786
8901,25,2,0.0,0.0,Medium,4,3,3,Apparel,Regular Day,0,0,4,0,1,3049.684478890475,4.109617146010633,Black,0.5924785284724404,Normal,1,Sleepers (Low),0.05264601018313817,-1.0005105827306982,-8.6905985,-73.13882,0,2,Sleepers (Low),0,High,0.45862144
8906,74,2,0.0,0.0,Medium,3,3,3,Electronics,Regular Day,0,1,0,4,0,1131.5823393316196,3.927056555269923,N/A,0.2198385583470314,Normal,1,Sleepers (Low),-0.3359176807085159,-0.5952329637132922,-27.990349,-24.589064,0,2,Sleepers (Low),0,High,0.5003845
8913,86,3,0.0,0.0,Medium,3,4,3,Apparel,Regular Day,0,0,3,5,0,3049.684478890475,4.109617146010633,Black,0.5924785284724404,Normal,1,Sleepers (Low),0.08208411908132893,-0.5553434042233059,14.883989,-33.92622,1,2,Sleepers (Low),0,High,0.4155811
8925,222,2,1149.84,0.0,Medium,1,3,4,Accessories,Regular Day,0,1,0,1,0,5147.333333333333,4.024183006535948,Black,1.0,Normal,0,Regulars (Mid),-1.171918516254555,1.180762844713115,3.1532319,44.890266,0,0,Regulars (Mid),1,High,0.43720534
8926,1,3,2941.12,0.0,Medium,5,4,5,Apparel,Big Billion Days / Great Indian Sale,1,0,0,4,0,3049.684478890475,4.109617146010633,Black,0.5924785284724404,Normal,2,Stars (VIP),1.619705284510994,0.15328173410223758,51.280518,-12.467552,1,1,Stars (VIP),0,High,0.48781067
8932,132,3,307.76,0.0,Medium,2,4,3,Other,Regular Day,0,1,1,4,1,2927.2715744223538,4.09560875958515,Blue,0.5686967182532743,Normal,1,Sleepers (Low),-0.19232437282479695,-0.02716225695193538,11.230482,-14.297908,1,0,Regulars (Mid),1,High,0.35782683
8933,83,3,1093.68,0.0,Medium,3,4,4,Accessories,Regular Day,0,1,0,1,0,5147.333333333333,4.024183006535948,Black,1.0,Normal,1,Sleepers (Low),0.4270039423375522,-0.05521961526016732,28.07286,-21.996708,1,0,Regulars (Mid),0,High,0.3663229
8937,39,5,1293.58,0.0,Medium,4,5,4,Accessories,Regular Day,1,1,1,0,1,5147.333333333333,4.024183006535948,Black,1.0,Normal,1,Sleepers (Low),1.8609341350453934,-0.4419200074970611,58.23045,50.141106,4,1,Stars (VIP),0,High,0.38154942
8949,11,3,755.68,0.0,Medium,5,4,4,Apparel,Regular Day,0,1,1,2,0,3049.684478890475,4.109617146010633,Black,0.5924785284724404,Normal,1,Sleepers (Low),0.8987099102532176,-0.8129604086891302,46.56784,-34.414696,1,0,Regulars (Mid),0,High,0.37174568
8951,25,4,1593.76,0.0,Medium,4,5,4,Apparel,Regular Day,0,2,3,5,1,3049.684478890475,4.109617146010633,Black,0.5924785284724404,Normal,1,Sleepers (Low),1.5469319964522124,-0.3542732611043281,68.25055,3.745677,3,1,Stars (VIP),0,High,0.5214868
8964,28,3,2891.28,0.0,Medium,4,4,5,Electronics,Regular Day,0,1,3,0,1,1131.5823393316196,3.927056555269923,N/A,0.2198385583470314,Normal,2,Stars (VIP),1.3909645629820002,0.35267612640775353,47.68802,-11.949901,1,1,Stars (VIP),0,High,0.39365247
8970,25,3,2046.6,0.0,Medium,4,4,5,Apparel,Regular Day,0,0,0,2,1,3049.684478890475,4.109617146010633,Black,0.5924785284724404,Normal,1,Sleepers (Low),1.166736232353166,-0.0775602543006198,45.576317,-18.901413,1,1,Stars (VIP),0,High,0.44921333
8974,86,2,1826.78,0.0,Medium,3,3,4,Home,Regular Day,0,0,0,2,0,997.9569482375358,3.943474118767863,N/A,0.19387843833134358,Normal,1,Sleepers (Low),0.10530950200803423,0.3808234973772808,-3.8695898,22.536587,0,0,Regulars (Mid),0,High,0.4485782
8986,23,3,0.0,0.0,Medium,5,4,3,Apparel,Regular Day,0,0,0,1,0,3049.684478890475,4.109617146010633,Black,0.5924785284724404,Normal,1,Sleepers (Low),0.5816660073705986,-1.0764146286742562,50.80594,-60.04847,1,2,Sleepers (Low),0,High,0.53094745
8997,57,3,0.0,0.0,Medium,3,4,3,Apparel,Regular Day,0,1,1,3,1,3049.684478890475,4.109617146010633,Black,0.5924785284724404,Normal,1,Sleepers (Low),0.31205038511924676,-0.7952015869070767,8.419075,-59.608505,1,2,Sleepers (Low),0,High,0.45017496
9002,54,3,0.0,0.0,Medium,4,4,3,Apparel,Regular Day,0,1,1,4,1,3049.684478890475,4.109617146010633,Black,0.5924785284724404,Normal,1,Sleepers (Low),0.3358399988473072,-0.8200145023571219,11.063894,-62.23237,1,2,Sleepers (Low),0,High,0.41068795
9015,69,2,0.0,0.0,Medium,3,3,3,Home,Regular Day,0,0,0,3,1,997.9569482375358,3.943474118767863,N/A,0.19387843833134358,Normal,1,Sleepers (Low),-0.2962683244950818,-0.6365878227967009,-21.966793,-28.691803,0,2,Sleepers (Low),0,High,0.47521332
9023,23,3,2171.64,0.0,Medium,5,4,5,Accessories,Regular Day,0,0,0,2,1,5147.333333333333,4.024183006535948,Black,1.0,Normal,1,Sleepers (Low),1.2193106641438223,-0.034086393018629146,46.40704,-18.094551,1,1,Stars (VIP),0,High,0.41609648
9028,76,1,0.0,0.0,Medium,3,2,3,Footwear,Regular Day,0,1,1,3,1,1238.5830831016374,3.9357429718875503,N/A,0.2406261656071048,Normal,1,Sleepers (Low),-0.8649376778959762,-0.519328917769734,-56.009136,-36.764683,2,2,Sleepers (Low),0,High,0.5005757
9030,69,3,2074.84,0.0,Medium,3,4,5,Footwear,Regular Day,0,0,0,3,1,1238.5830831016374,3.9357429718875503,N/A,0.2406261656071048,Normal,1,Sleepers (Low),0.8261138268654546,0.2999169388612214,36.278713,-15.109885,1,1,Stars (VIP),0,High,0.44970986
9031,38,3,1945.27,0.0,Medium,4,4,5,Accessories,Independence Day Sale,1,0,0,0,0,5147.333333333333,4.024183006535948,Black,1.0,Normal,1,Sleepers (Low),1.033895031379745,-0.018673269372759062,42.988655,-19.599323,1,1,Stars (VIP),0,High,0.39139917
9032,109,1,0.0,0.0,Medium,2,2,3,Electronics,Regular Day,0,1,0,0,1,1131.5823393316196,3.927056555269923,N/A,0.2198385583470314,Normal,0,Regulars (Mid),-1.1266234289046413,-0.24638684781923617,-73.23647,-19.36218,2,2,Sleepers (Low),1,High,0.5727352
9036,19,3,0.0,0.0,Medium,5,4,3,Accessories,Regular Day,0,1,1,3,0,5147.333333333333,4.024183006535948,Black,1.0,Normal,1,Sleepers (Low),0.6133854923413459,-1.1094985159409831,56.030865,-56.152534,1,2,Sleepers (Low),0,High,0.45388052
9050,38,3,3988.6499999999996,0.0,Medium,4,4,5,Accessories,Holi,1,0,0,0,1,5147.333333333333,4.024183006535948,Black,1.0,Normal,2,Stars (VIP),1.6338795310008931,0.962093648796917,39.100903,4.4719796,1,1,Stars (VIP),0,High,0.39139917
9067,57,2,316.04,0.0,Medium,3,3,3,Apparel,Regular Day,0,0,0,0,0,3049.684478890475,4.109617146010633,Black,0.5924785284724404,Normal,1,Sleepers (Low),-0.10831308129076127,-0.5841488657113372,-12.436562,-15.559445,0,0,Regulars (Mid),0,High,0.52347565
9072,22,1,0.0,0.0,Medium,5,2,3,Home,Regular Day,0,0,0,2,1,997.9569482375358,3.943474118767863,N/A,0.19387843833134358,Normal,1,Sleepers (Low),-0.43672463079088797,-0.9659613958705486,-35.94041,-75.30656,2,2,Sleepers (Low),0,High,0.5024156
9084,87,4,2106.41,0.0,Medium,3,5,5,Accessories,Regular Day,1,0,4,1,0,5147.333333333333,4.024183006535948,Black,1.0,Normal,2,Stars (VIP),1.2058060948275193,0.4045850720630202,73.31791,15.170524,3,1,Stars (VIP),0,High,0.36075205
9089,153,1,0.0,0.0,Medium,2,2,3,Home,Regular Day,0,1,5,0,1,997.9569482375358,3.943474118767863,N/A,0.19387843833134358,Normal,0,Regulars (Mid),-1.4755377635828613,0.11753591211476094,-100.00998,11.989536,2,2,Sleepers (Low),1,High,0.52810746
9101,26,4,1734.7,0.0,Medium,4,5,4,Accessories,Regular Day,0,0,1,4,1,5147.333333333333,4.024183006535948,Black,1.0,Normal,1,Sleepers (Low),1.5803854290377928,-0.2783549160889099,67.76151,4.5165505,3,1,Stars (VIP),0,High,0.43866837
9110,34,2,86.36,0.0,Medium,4,3,3,Accessories,Regular Day,0,1,4,2,0,5147.333333333333,4.024183006535948,Black,1.0,Normal,1,Sleepers (Low),0.006634499200526032,-0.8846213812262919,-18.70592,-56.051613,0,0,Regulars (Mid),0,High,0.4353704
9116,38,5,2593.2,0.0,Medium,4,5,5,Accessories,Regular Day,1,1,0,2,1,5147.333333333333,4.024183006535948,Black,1.0,Normal,2,Stars (VIP),2.2504630507133148,0.1735913334189227,51.91695,46.91014,4,1,Stars (VIP),0,High,0.3782775
9134,30,5,2071.94,0.0,Medium,4,5,5,Accessories,Regular Day,1,1,4,2,1,5147.333333333333,4.024183006535948,Black,1.0,Normal,2,Stars (VIP),2.1608478064251906,-0.14276708786898967,53.549873,49.085884,4,1,Stars (VIP),0,High,0.36566734
9136,152,2,0.0,0.0,Medium,2,3,3,Home,Regular Day,0,0,4,1,0,997.9569482375358,3.943474118767863,N/A,0.19387843833134358,Normal,0,Regulars (Mid),-0.9544476376380878,0.04990283798788458,-13.094525,69.937225,0,2,Sleepers (Low),1,High,0.5375798
9146,153,1,0.0,0.0,Medium,2,2,3,Apparel,Regular Day,0,0,5,4,1,3049.684478890475,4.109617146010633,Black,0.5924785284724404,Normal,0,Regulars (Mid),-1.4755377635828613,0.11753591211476094,-99.74697,12.062552,2,2,Sleepers (Low),1,High,0.5559771
9158,54,2,0.0,0.0,Medium,4,3,3,Accessories,Regular Day,0,0,0,2,0,5147.333333333333,4.024183006535948,Black,1.0,Normal,1,Sleepers (Low),-0.1773202558547795,-0.7606524000469272,-5.3502245,-28.092636,0,2,Sleepers (Low),0,High,0.38664353
9159,28,2,0.0,0.0,Medium,4,3,3,Apparel,Regular Day,0,0,3,2,1,3049.684478890475,4.109617146010633,Black,0.5924785284724404,Normal,1,Sleepers (Low),0.028856396455077735,-0.9756976672806528,-14.096826,-67.94773,0,2,Sleepers (Low),0,High,0.511731
9184,132,2,0.0,0.0,Medium,2,3,3,Apparel,Regular Day,0,1,3,3,1,3049.684478890475,4.109617146010633,Black,0.5924785284724404,Normal,0,Regulars (Mid),-0.7958502127843514,-0.11551659834575051,-18.138762,48.952938,0,2,Sleepers (Low),1,High,0.41797465
9222,156,1,0.0,0.0,Medium,2,2,3,Accessories,Regular Day,0,0,2,3,0,5147.333333333333,4.024183006535948,Black,1.0,Normal,0,Regulars (Mid),-1.499327377310922,0.14234882756480619,-100.7763,16.679785,2,2,Sleepers (Low),1,High,0.624185
9233,153,2,0.0,0.0,Medium,2,3,3,Footwear,Regular Day,0,0,3,0,1,1238.5830831016374,3.9357429718875503,N/A,0.2406261656071048,Normal,0,Regulars (Mid),-0.9623775088807746,0.05817380980456626,-12.94692,70.7025,0,2,Sleepers (Low),1,High,0.5071563
9239,213,1,0.0,0.0,Medium,1,2,3,Accessories,Regular Day,0,1,4,2,0,5147.333333333333,4.024183006535948,Black,1.0,Normal,0,Regulars (Mid),-1.9513300381440704,0.6137942211156663,-56.842487,44.42851,2,2,Sleepers (Low),1,High,0.5082157
9251,173,1,0.0,0.0,Medium,1,2,3,Electronics,Eid-ul-Fitr,1,1,2,3,0,1131.5823393316196,3.927056555269923,N/A,0.2198385583470314,Normal,0,Regulars (Mid),-1.6341351884365978,0.28295534844839604,-85.53347,28.703146,2,2,Sleepers (Low),1,High,0.6862865
9259,77,2,3218.71,0.0,Medium,3,3,5,Electronics,Regular Day,0,0,1,3,1,1131.5823393316196,3.927056555269923,N/A,0.2198385583470314,Normal,2,Stars (VIP),0.5853817779707026,0.9744733573597495,6.2021484,21.75992,0,1,Stars (VIP),0,High,0.50108427
9277,39,2,1809.84,0.0,Medium,4,3,4,Apparel,Raksha Bandhan,1,0,1,2,0,3049.684478890475,4.109617146010633,Black,0.5924785284724404,Normal,1,Sleepers (Low),0.47303946739422925,-0.01604291805207594,-3.0708709,8.739951,0,1,Stars (VIP),0,High,0.4610635
9352,33,2,1125.18,0.0,Medium,4,3,4,Apparel,Regular Day,0,0,3,1,0,3049.684478890475,4.109617146010633,Black,0.5924785284724404,Normal,1,Sleepers (Low),0.31958639174930425,-0.394286959071699,-6.9733977,2.1611817,0,0,Regulars (Mid),0,High,0.5387923
9372,19,2,0.0,0.0,Medium,5,3,3,Apparel,Regular Day,0,0,3,0,1,3049.684478890475,4.109617146010633,Black,0.5924785284724404,Normal,1,Sleepers (Low),0.10022523763925914,-1.0501364136307885,-1.6534163,-82.60852,0,2,Sleepers (Low),0,High,0.5167541
9376,162,2,2177.17,0.0,Medium,1,3,5,Accessories,Regular Day,0,1,4,2,0,5147.333333333333,4.024183006535948,Black,1.0,Normal,0,Regulars (Mid),-0.3944779550331093,1.1775950416598326,0.81644684,33.78772,0,1,Stars (VIP),1,High,0.44213054
9386,39,2,0.0,0.0,Medium,4,3,3,Accessories,Independence Day Sale,1,1,1,2,1,5147.333333333333,4.024183006535948,Black,1.0,Normal,1,Sleepers (Low),-0.05837218721447723,-0.8847169772971535,-13.098209,-49.458637,0,2,Sleepers (Low),0,High,0.41260034
9392,11,1,0.0,0.0,Medium,5,2,3,Other,Regular Day,0,1,1,4,1,2927.2715744223538,4.09560875958515,Blue,0.5686967182532743,Normal,1,Sleepers (Low),-0.349496047121333,-1.056942085854048,-26.579407,-84.02451,2,2,Sleepers (Low),0,High,0.56285214
9410,71,2,0.0,0.0,Medium,3,3,3,Home,Regular Day,0,1,0,1,0,997.9569482375358,3.943474118767863,N/A,0.19387843833134358,Normal,1,Sleepers (Low),-0.3121280669804554,-0.6200458791633374,-24.711073,-27.904112,0,2,Sleepers (Low),0,High,0.43021008
9418,157,2,0.0,0.0,Medium,2,3,3,Beauty,Regular Day,0,0,2,0,0,275.2450842696629,3.963171036204744,N/A,0.05347333588971563,Normal,0,Regulars (Mid),-0.9940969938515218,0.09125769707129333,-12.17599,74.63017,0,2,Sleepers (Low),1,High,0.5213131
9426,19,2,0.0,0.0,Medium,5,3,3,Beauty,Regular Day,0,0,3,2,0,275.2450842696629,3.963171036204744,N/A,0.05347333588971563,Normal,1,Sleepers (Low),0.10022523763925914,-1.0501364136307885,-1.9894885,-82.80881,0,2,Sleepers (Low),0,High,0.51185215
9437,11,2,0.0,0.0,Medium,5,3,3,Beauty,Regular Day,0,1,4,0,0,275.2450842696629,3.963171036204744,N/A,0.05347333588971563,Normal,1,Sleepers (Low),0.1636642075807537,-1.1163041881642426,12.359241,-94.90851,0,2,Sleepers (Low),0,High,0.4848035
9458,33,2,0.0,0.0,Medium,4,3,3,Footwear,Regular Day,0,0,4,0,1,1238.5830831016374,3.9357429718875503,N/A,0.2406261656071048,Normal,1,Sleepers (Low),-0.010792959758356282,-0.934342808197244,-18.067125,-58.012344,0,2,Sleepers (Low),0,High,0.4104839
9472,153,1,0.0,0.0,Medium,2,2,3,Beauty,Regular Day,0,1,4,1,1,275.2450842696629,3.963171036204744,N/A,0.05347333588971563,Normal,0,Regulars (Mid),-1.4755377635828613,0.11753591211476094,-99.74697,12.062552,2,2,Sleepers (Low),1,High,0.5201534
9502,73,2,0.0,0.0,Medium,3,3,3,Footwear,Regular Day,0,0,0,0,0,1238.5830831016374,3.9357429718875503,N/A,0.2406261656071048,Normal,1,Sleepers (Low),-0.32798780946582906,-0.603503935529974,-27.039665,-25.620914,0,2,Sleepers (Low),0,High,0.4859114
9507,34,2,6597.48,0.0,Medium,4,3,5,Accessories,Regular Day,0,1,1,4,1,5147.333333333333,4.024183006535948,Black,1.0,Normal,2,Stars (VIP),1.9184527000115597,2.2405394289181464,21.025488,20.635185,0,1,Stars (VIP),0,High,0.4353704
9512,187,1,396.98,0.0,Medium,1,2,4,Apparel,Holi,1,1,3,1,1,3049.684478890475,4.109617146010633,Black,0.5924785284724404,Normal,0,Regulars (Mid),-1.628590707008149,0.5892885750855337,-59.5884,14.36485,2,0,Regulars (Mid),1,High,0.51887375
9516,2,2,0.0,0.0,Medium,5,3,3,Apparel,Big Billion Days / Great Indian Sale,1,1,2,1,0,3049.684478890475,4.109617146010633,Black,0.5924785284724404,Normal,1,Sleepers (Low),0.2350330487649351,-1.1907429345143783,33.89112,-91.262474,0,2,Sleepers (Low),0,High,0.43845624
9537,64,2,0.0,0.0,Medium,3,3,3,Apparel,Regular Day,0,0,1,0,0,3049.684478890475,4.109617146010633,Black,0.5924785284724404,Normal,1,Sleepers (Low),-0.25661896828164765,-0.6779426818801098,-15.778187,-24.736416,0,2,Sleepers (Low),0,High,0.5265588
9538,37,5,2571.34,0.0,Medium,4,5,5,Beauty,Regular Day,1,1,2,2,0,275.2450842696629,3.963171036204744,N/A,0.05347333588971563,Normal,2,Stars (VIP),2.2519743110457853,0.15482815514471035,51.919113,47.064137,4,1,Stars (VIP),0,High,0.35413182
9541,67,2,0.0,0.0,Medium,3,3,3,Accessories,Regular Day,0,1,0,0,0,5147.333333333333,4.024183006535948,Black,1.0,Normal,1,Sleepers (Low),-0.28040858200970814,-0.6531297664300645,-19.121597,-27.882853,0,2,Sleepers (Low),0,High,0.44916475
9578,160,2,2187.15,0.0,Medium,1,3,5,Accessories,Regular Day,0,1,1,1,1,5147.333333333333,4.024183006535948,Black,1.0,Normal,0,Regulars (Mid),-0.37568784946978684,1.1658432270496237,0.7847133,33.692387,0,1,Stars (VIP),1,High,0.49848244
9660,50,2,0.0,0.0,Medium,4,3,3,Apparel,Independence Day Sale,1,1,4,0,0,3049.684478890475,4.109617146010633,Black,0.5924785284724404,Normal,1,Sleepers (Low),-0.14560077088403223,-0.7937362873136542,-4.7109494,-35.05431,0,2,Sleepers (Low),0,High,0.40761676
9670,147,5,1531.63,0.0,Medium,2,5,4,Accessories,Regular Day,1,1,0,1,0,5147.333333333333,4.024183006535948,Black,1.0,Normal,2,Stars (VIP),1.0744051280802787,0.5656024851736985,67.485535,41.670147,4,1,Stars (VIP),1,High,0.3954895
9692,68,2,3474.48,0.0,Medium,3,3,5,Footwear,Regular Day,0,1,5,2,0,1238.5830831016374,3.9357429718875503,N/A,0.2406261656071048,Normal,2,Stars (VIP),0.7318507157928568,1.0227972663455072,8.702353,19.872766,0,1,Stars (VIP),0,High,0.45853424
9693,45,2,171.78,0.0,Medium,4,3,3,Accessories,Independence Day Sale,1,0,2,4,0,5147.333333333333,4.024183006535948,Black,1.0,Normal,1,Sleepers (Low),-0.05551276040907028,-0.7526414105656528,-12.153422,-12.306805,0,0,Regulars (Mid),0,High,0.42779624
9696,83,1,0.0,0.0,Medium,3,2,3,Electronics,Regular Day,0,0,3,1,1,1131.5823393316196,3.927056555269923,N/A,0.2198385583470314,Normal,1,Sleepers (Low),-0.9204467765947839,-0.4614321150529617,-64.61032,-41.697556,2,2,Sleepers (Low),0,High,0.51451546
9700,81,2,0.0,0.0,Medium,3,3,3,Apparel,Regular Day,0,0,0,1,1,3049.684478890475,4.109617146010633,Black,0.5924785284724404,Normal,1,Sleepers (Low),-0.3914267794073236,-0.5373361609965199,-29.011728,-16.103851,0,2,Sleepers (Low),0,High,0.43575862
9717,37,2,0.0,0.0,Medium,4,3,3,Beauty,Raksha Bandhan,1,1,0,0,1,275.2450842696629,3.963171036204744,N/A,0.05347333588971563,Normal,1,Sleepers (Low),-0.042512444729103586,-0.9012589209305171,-15.054474,-52.480328,0,2,Sleepers (Low),0,High,0.45794728
9728,239,1,205.35,0.0,Medium,1,2,3,Accessories,Regular Day,0,1,4,0,0,5147.333333333333,4.024183006535948,Black,1.0,Normal,0,Regulars (Mid),-2.0972110934542494,0.9274019126885468,-48.429176,73.32625,2,0,Regulars (Mid),1,High,0.6378605
9738,227,1,925.88,0.0,Medium,1,2,4,Accessories,Regular Day,0,1,3,3,0,5147.333333333333,4.024183006535948,Black,1.0,Normal,0,Regulars (Mid),-1.7904880585265304,1.17398508706607,-49.56482,17.904438,2,0,Regulars (Mid),1,High,0.5123239
9745,11,2,0.0,0.0,Medium,5,3,3,Apparel,Regular Day,0,1,4,1,0,3049.684478890475,4.109617146010633,Black,0.5924785284724404,Normal,1,Sleepers (Low),0.1636642075807537,-1.1163041881642426,12.359241,-94.90851,0,2,Sleepers (Low),0,High,0.40836132
9778,58,2,0.0,0.0,Medium,3,3,3,Accessories,Regular Day,0,1,0,1,1,5147.333333333333,4.024183006535948,Black,1.0,Normal,1,Sleepers (Low),-0.2090397408255268,-0.7275685127802002,-7.7949605,-23.436058,0,2,Sleepers (Low),0,High,0.41920775
9788,227,1,0.0,0.0,Medium,1,2,3,Accessories,Regular Day,0,1,3,1,0,5147.333333333333,4.024183006535948,Black,1.0,Normal,0,Regulars (Mid),-2.0623482355416862,0.7295878265492107,-57.68946,63.926277,2,2,Sleepers (Low),1,High,0.5123239
9802,2,2,957.85,0.0,Medium,5,4,4,Apparel,Big Billion Days / Great Indian Sale,1,0,3,0,1,3049.684478890475,4.109617146010633,Black,0.5924785284724404,Normal,1,Sleepers (Low),0.5162803708303937,-0.7310009420465925,-2.417621,-3.140627,0,0,Regulars (Mid),0,High,0.48603392
9806,136,2,0.0,0.0,Medium,2,4,3,Electronics,Regular Day,0,0,0,1,0,1131.5823393316196,3.927056555269923,N/A,0.2198385583470314,Normal,0,Regulars (Mid),-0.8275696977550986,-0.0824327110790235,-16.278656,53.695454,0,2,Sleepers (Low),1,High,0.48064533
9812,145,4,655.88,0.0,Medium,2,5,4,Apparel,Regular Day,1,1,1,3,0,3049.684478890475,4.109617146010633,Black,0.5924785284724404,Normal,1,Sleepers (Low),0.31996378765578215,0.18808642220448538,83.51383,20.457956,3,1,Stars (VIP),1,High,0.4296644
9818,61,2,5903.7,0.0,Medium,3,4,5,Electronics,Regular Day,0,0,0,1,0,1131.5823393316196,3.927056555269923,N/A,0.2198385583470314,Normal,2,Stars (VIP),1.5006360265372387,2.1308601054751564,19.493925,20.915546,0,1,Stars (VIP),0,High,0.5478476
9824,197,2,3184.17,0.0,Medium,1,4,5,Beauty,Regular Day,1,0,0,0,1,275.2450842696629,3.963171036204744,N/A,0.05347333588971563,Normal,0,Regulars (Mid),-0.37634452873812385,1.9504117131912435,8.355622,36.34039,0,1,Stars (VIP),1,High,0.5208517
9835,64,2,0.0,0.0,Medium,3,4,3,Watches,Regular Day,0,0,2,4,0,898.4134078947368,3.9463815789473684,N/A,0.17453958189899044,Normal,1,Sleepers (Low),-0.25661896828164765,-0.6779426818801098,-15.778187,-24.736416,0,2,Sleepers (Low),0,High,0.5647712
9846,199,2,0.0,0.0,Medium,1,4,3,Apparel,Regular Day,0,0,1,0,0,3049.684478890475,4.109617146010633,Black,0.5924785284724404,Normal,0,Regulars (Mid),-1.3271515860443681,0.4386385133719269,6.026925,66.009224,0,2,Sleepers (Low),1,High,0.5032438
9851,107,2,0.0,0.0,Medium,2,4,3,Accessories,Regular Day,0,0,0,0,1,5147.333333333333,4.024183006535948,Black,1.0,Normal,1,Sleepers (Low),-0.5976034317171809,-0.32229089376279435,-30.141949,20.258804,0,2,Sleepers (Low),1,High,0.4865302
9854,208,1,0.0,0.0,Medium,1,2,3,Electronics,Regular Day,0,0,5,3,1,1131.5823393316196,3.927056555269923,N/A,0.2198385583470314,Normal,0,Regulars (Mid),-1.9116806819306364,0.5724393620322575,-56.300945,39.094254,2,2,Sleepers (Low),1,High,0.5306939
9857,59,2,2072.57,0.0,Medium,3,4,5,Apparel,Regular Day,1,1,4,1,1,3049.684478890475,4.109617146010633,Black,0.5924785284724404,Normal,1,Sleepers (Low),0.3915857591206025,0.27547978463961253,-2.7162523,12.525373,0,1,Stars (VIP),0,High,0.49756822
9870,108,2,0.0,0.0,Medium,2,4,3,Footwear,Regular Day,0,0,0,2,1,1238.5830831016374,3.9357429718875503,N/A,0.2406261656071048,Normal,1,Sleepers (Low),-0.6055333029598677,-0.31401992194611256,-29.893538,21.352278,0,2,Sleepers (Low),1,High,0.52800083
9895,75,2,0.0,0.0,Medium,3,4,3,Footwear,Regular Day,0,0,3,1,1,1238.5830831016374,3.9357429718875503,N/A,0.2406261656071048,Normal,1,Sleepers (Low),-0.3438475519512027,-0.5869619918966105,-28.257498,-23.268099,0,2,Sleepers (Low),0,High,0.6935429
9905,33,2,0.0,0.0,Medium,4,4,3,Beauty,Regular Day,0,0,0,2,1,275.2450842696629,3.963171036204744,N/A,0.05347333588971563,Normal,1,Sleepers (Low),-0.010792959758356282,-0.934342808197244,-18.067125,-58.012344,0,2,Sleepers (Low),0,High,0.63140404
